method,rouge1_min,rouge1_max,rouge1_mean,rouge1_std,rouge2_min,rouge2_max,rouge2_mean,rouge2_std,rougeL_min,rougeL_max,rougeL_mean,rougeL_std,roberta_precision_min,roberta_precision_max,roberta_precision_mean,roberta_precision_std,roberta_recall_min,roberta_recall_max,roberta_recall_mean,roberta_recall_std,roberta_f1_min,roberta_f1_max,roberta_f1_mean,roberta_f1_std,deberta_precision_min,deberta_precision_max,deberta_precision_mean,deberta_precision_std,deberta_recall_min,deberta_recall_max,deberta_recall_mean,deberta_recall_std,deberta_f1_min,deberta_f1_max,deberta_f1_mean,deberta_f1_std,meteor_min,meteor_max,meteor_mean,meteor_std,bleu_min,bleu_max,bleu_mean,bleu_std,content_coverage_min,content_coverage_max,content_coverage_mean,content_coverage_std,alignscore_min,alignscore_max,alignscore_mean,alignscore_std,exec_time_min,exec_time_max,exec_time_mean,exec_time_std,length_min,length_max,length_mean,length_std,length_within_bounds_pct,length_too_short_pct,length_too_long_pct
local:textrank,0.0,0.5904761904761905,0.2571800284002586,0.10596374627857286,0.0,0.3773584905660377,0.07580915596978775,0.07114203346277945,0.0,0.47761194029850745,0.18111399218074467,0.07894220919333765,0.7853670716285706,0.9504483342170715,0.8667168793082237,0.025278754519374794,0.7744001746177673,0.909418523311615,0.8429067109227181,0.024275801721376007,0.7850099802017212,0.9253531694412231,0.8544624971151352,0.021388124878916302,0.43484142422676086,0.8617185950279236,0.6381877110600471,0.05560275971339239,0.3821747899055481,0.7355890274047852,0.5634185386300087,0.056176778447017725,0.4239291250705719,0.7499377131462097,0.5972653069794178,0.04951038838262657,0.0,0.4140957919034091,0.12012955960118196,0.07481774646596825,1.1301929225749457e-78,0.6370064599604247,0.2214947429188905,0.1324737745437929,0.2577027976512909,0.9892241954803467,0.7322021274268627,0.12448426146065311,0.010185875929892063,0.9995681643486023,0.9816709862137213,0.06393718636713185,1.5497207641601562e-05,0.004940986633300781,0.001577462911605835,0.00033350712366051995,6.0,76.0,24.81,9.617270922668238,91.3,8.7,0.0
local:frequency,0.0,0.7555555555555555,0.2778624888196382,0.10681296064323849,0.0,0.6818181818181818,0.08845839069455712,0.0824687286277566,0.0,0.7555555555555555,0.19870859177747074,0.0855941918860497,0.7932151556015015,0.9504483342170715,0.8742615529894828,0.025419460571212228,0.7743586301803589,0.9305534362792969,0.8477133582234383,0.023943078649850284,0.795884370803833,0.9377739429473877,0.8606110963821411,0.021516734571319574,0.4487519860267639,0.8621164560317993,0.6473774077296257,0.05747775376758258,0.3821747899055481,0.8268860578536987,0.5719658370018006,0.05565704901327822,0.4239291250705719,0.8282442688941956,0.6061604222357273,0.050259261785390724,0.0,0.6306188925081434,0.13353962875129718,0.0827266253110734,0.0003561526699483702,0.7538203973965255,0.2197491332733261,0.13294418965719085,0.20271264016628265,0.9859620332717896,0.7325330952256918,0.1212246885764733,0.16892121732234955,0.9995417594909668,0.9823872132748366,0.05440504238215378,1.811981201171875e-05,0.002612590789794922,0.001131727695465088,0.0002978293749648452,6.0,66.0,23.85,8.477352180958391,93.60000000000001,6.4,0.0
huggingface_facebook/bart-large-cnn,0.02631578947368421,0.6352941176470588,0.31552087413695334,0.09968706872436443,0.0,0.4415584415584415,0.09774859919896943,0.07649558625894826,0.02631578947368421,0.5063291139240507,0.2100603595941958,0.0787985469791058,0.7843354344367981,0.9493621587753296,0.8642790783643722,0.024118071747771506,0.7683676481246948,0.9183375239372253,0.856338104903698,0.022990143092966854,0.7985995411872864,0.923583447933197,0.8601503051519394,0.020853388845480172,0.4722997546195984,0.8262852430343628,0.636152659714222,0.05484971633742549,0.4309653639793396,0.7649662494659424,0.60373208168149,0.05357473587111905,0.45416200160980225,0.7722808122634888,0.6186658971607685,0.048969938564474194,0.0,0.5238589211618258,0.16804359613024153,0.08373252771451403,0.006138137551045913,0.6261181010052054,0.3486205716108469,0.11435751693292973,0.4827307462692261,0.9932048916816711,0.845224719285965,0.07609701451695462,0.001523593906313181,0.9992491602897644,0.9187717751716263,0.17785430564026636,0.5270059013366699,0.5270059013366699,0.52700590133667,1.1102230246251565e-16,10.0,85.0,35.858,10.574584436279281,97.89999999999999,2.1,0.0
huggingface_facebook/bart-base,0.07547169811320754,0.6174496644295302,0.32323591310410277,0.07433876776262346,0.0,0.3655913978494624,0.10238294790131387,0.059502798109500675,0.06289308176100629,0.41935483870967744,0.1873763811547878,0.04863441435004349,0.7685125470161438,0.8834584355354309,0.8330344733595848,0.0160499004066295,0.7911507487297058,0.9276561141014099,0.8680160348415374,0.019662324394116987,0.7921003103256226,0.9005740880966187,0.850075112581253,0.015585736350949316,0.4194021224975586,0.6891549229621887,0.558111890077591,0.0356548006192723,0.48165470361709595,0.8108960390090942,0.6340931425094605,0.04669999184853115,0.44837796688079834,0.7249536514282227,0.5932482830584049,0.03745440958794657,0.04960317460317461,0.6088737201365187,0.24470332607597373,0.0822409961055182,0.1454446436972265,0.6486795794900565,0.2955006560232247,0.06372839783394407,0.7347772121429443,0.9976511001586914,0.9401950848102569,0.03397746930972333,0.00042621634202077985,0.9763635993003845,0.653844018690812,0.2025065763127112,0.5054870254993439,0.5054870254993439,0.5054870254993438,1.1102230246251565e-16,34.0,133.0,95.785,13.987450625471391,62.5,0.0,37.5
huggingface_google-t5/t5-base,0.05555555555555555,0.6582278481012659,0.30456028305045607,0.09841022046005383,0.0,0.49350649350649345,0.0971175458788502,0.07898195923193771,0.04878048780487805,0.5822784810126581,0.21245856671851443,0.08154432246037108,0.792327880859375,0.9417355060577393,0.868357152223587,0.023661495147519983,0.7821871638298035,0.9173212051391602,0.8517905759811402,0.021392347425883244,0.8048032522201538,0.9264911413192749,0.8598643429279328,0.019905854140286193,0.4765644073486328,0.833647608757019,0.6416209620833397,0.054189963884471976,0.38873010873794556,0.7753775119781494,0.5904828746318818,0.051035178158726734,0.4544507563114166,0.7971956729888916,0.6142739217281341,0.04822971081978703,0.010706638115631693,0.5078504964486943,0.14989027791133655,0.07616653762699273,0.0012124247163209261,0.6368255188440861,0.2991432013403695,0.11417073031253903,0.38273313641548157,0.9762998819351196,0.8014021608233451,0.0869494108968773,0.0029683387838304043,0.9991132616996765,0.9133715056576766,0.1534788276434663,0.3825006847381592,0.3825006847381592,0.3825006847381592,0.0,9.0,57.0,28.466,6.9900532186815285,97.8,2.1999999999999997,0.0
huggingface_google-t5/t5-large,0.030303030303030307,0.6666666666666666,0.31294269972666644,0.10335568994637301,0.0,0.4634146341463415,0.10248645336342826,0.08163282264225401,0.027777777777777776,0.5396825396825397,0.2137704220058894,0.08501249854757074,0.7826133966445923,0.9415901899337769,0.8675443180799485,0.023352409022491617,0.768648624420166,0.920519232749939,0.8539655447602272,0.021910426501692136,0.8040346503257751,0.9264911413192749,0.8605712124705315,0.02003193686860583,0.4821360111236572,0.833647608757019,0.6413429734408855,0.05240811055778172,0.3452468514442444,0.8031502962112427,0.5970313583910465,0.05130493293582467,0.41329336166381836,0.7971956729888916,0.6176605090796947,0.04752023345424033,0.01231527093596059,0.5198717683367139,0.16223573687507842,0.08421850082693123,0.012581616800300004,0.6589029870818096,0.3348958580541924,0.1134197545921709,0.45722460746765137,0.9776371121406555,0.8287238596677781,0.07754491004964888,0.0010628564050421119,0.9980282783508301,0.9069927023845957,0.1645609165313894,0.8636142697334289,0.8636142697334289,0.8636142697334287,2.220446049250313e-16,10.0,60.0,31.547,7.7755894310335085,98.8,1.2,0.0
huggingface_csebuetnlp/mT5_multilingual_XLSum,0.0,0.5135135135135135,0.19402797396303675,0.08141079858326772,0.0,0.3255813953488372,0.04226421484528963,0.0457011977044438,0.0,0.40540540540540543,0.1408671599347714,0.05910322523205928,0.7959564328193665,0.9259109497070312,0.8593551073670387,0.022094525693471662,0.7509749531745911,0.8961240649223328,0.8226522196531296,0.021698936507063792,0.7812504172325134,0.8983352184295654,0.8404986577033997,0.01979963850382188,0.47456640005111694,0.7964049577713013,0.6241888279914856,0.049080487062281644,0.3351903557777405,0.6840260028839111,0.5099972022771835,0.05261031036726288,0.42992275953292847,0.7056787610054016,0.5605827608704567,0.04797898926387682,0.0,0.28780395136778114,0.08531856417403225,0.049541711682661096,1.1622275951579881e-78,0.3991340209725552,0.10121629136739288,0.07144409935373434,0.04251628369092941,0.9563400745391846,0.6251545922644436,0.15158038363278553,0.00032909767469391227,0.9959009289741516,0.31300813445582754,0.3586892993522358,0.30039346385002136,0.30039346385002136,0.3003934638500213,5.551115123125783e-17,12.0,36.0,20.683,3.9406231740677766,97.7,2.3,0.0
huggingface_google/pegasus-xsum,0.0,0.5573770491803279,0.24481473971985673,0.09113599292764578,0.0,0.4727272727272728,0.07003434063424165,0.0664381440732443,0.0,0.456140350877193,0.17701426161378517,0.0713946465669327,0.7670784592628479,0.9454637765884399,0.8744995208978653,0.024924406618601055,0.7637944221496582,0.908784031867981,0.8402217394709587,0.02191825962176306,0.7691128253936768,0.9192008376121521,0.8568833436965942,0.020807668962694797,0.48678070306777954,0.8265179991722107,0.6604474271535874,0.05678415986422469,0.37545162439346313,0.7245225310325623,0.5547514843046665,0.05061946729848739,0.44138845801353455,0.7487059235572815,0.6021770210266113,0.04881643943614239,0.0,0.3794248935949341,0.10904019169784297,0.06122580168743529,9.90295256670422e-79,0.5293817567464958,0.1526554592601231,0.09599951322716896,0.20326992869377136,0.9774749279022217,0.767513025611639,0.10510909698241364,0.0003775850054807961,0.9984337687492371,0.6539606349648093,0.3789370246695252,0.33774852418899537,0.33774852418899537,0.3377485241889954,5.551115123125783e-17,7.0,56.0,19.915,5.381057052290005,88.9,11.1,0.0
huggingface_google/pegasus-large,0.07317073170731707,0.5904761904761905,0.31258721106800996,0.09209781669585719,0.0,0.41791044776119407,0.09973951906802289,0.07306102798507877,0.051948051948051945,0.5,0.20781148077913475,0.0701511892435972,0.7795029282569885,0.934267520904541,0.8654415911436081,0.023187754091217705,0.7741498947143555,0.9207122325897217,0.855998448729515,0.020070410308783218,0.7982956171035767,0.9188585877418518,0.8605373448729515,0.018325384986053204,0.4690350294113159,0.8238046169281006,0.631780285179615,0.05298831921151135,0.41404953598976135,0.7975663542747498,0.5912041080594063,0.04610879545910555,0.4658645987510681,0.8011206388473511,0.6099641476869583,0.04386747352288609,0.010683760683760684,0.4920107577914886,0.15990034984047566,0.07577495473157839,0.023856500461400518,0.6116933056489965,0.3240098252068426,0.1118910024539385,0.15673351287841797,0.9963937401771545,0.8020613124668599,0.11235854537510036,0.0007371362880803645,0.9995245933532715,0.8047603796842159,0.2646739721866253,0.7681971638202667,0.7681971638202667,0.7681971638202666,1.1102230246251565e-16,11.0,104.0,32.628,11.414622902225021,98.8,1.0999999999999999,0.1
huggingface_google/pegasus-cnn_dailymail,0.05555555555555555,0.6756756756756757,0.3013740856740745,0.09944372507237033,0.0,0.5,0.09984816723084423,0.07847840766986017,0.030303030303030304,0.5675675675675675,0.20947993020174918,0.0809005177779014,0.7930561304092407,0.9544421434402466,0.8733321568369865,0.026231950249527666,0.7548102140426636,0.921085774898529,0.8535232659578323,0.02183971925398949,0.7966893315315247,0.9339405298233032,0.8631481391787529,0.02092205915657865,0.46373945474624634,0.8423957824707031,0.6567737077474594,0.05864685615390068,0.37812429666519165,0.7495691776275635,0.5917119949162006,0.05068833915688155,0.4227370619773865,0.773581326007843,0.6214751874208451,0.0479121075461272,0.011655011655011656,0.4921506996397893,0.1470640673493107,0.0760907127348125,0.003354019936112151,0.5771166816244089,0.27528133168405305,0.1260619980014616,0.42680448293685913,0.9837949275970459,0.8243978963494301,0.08080239950963694,0.0013431488769128919,0.9983184337615967,0.8515535998895066,0.2528808842801229,0.5318147778511048,0.5318147778511048,0.531814777851105,2.220446049250313e-16,8.0,72.0,26.953,8.971108682877496,91.4,8.6,0.0
huggingface_AlgorithmicResearchGroup/led_large_16384_arxiv_summarization,0.07692307692307693,0.6666666666666666,0.3459262298177363,0.0882996339646914,0.0,0.5033112582781456,0.11364433199164944,0.07301564444501579,0.07692307692307693,0.578512396694215,0.22013881980548858,0.07014719902192854,0.7751439809799194,0.9505534768104553,0.8493022785782814,0.021904751947825252,0.7868707180023193,0.9449301958084106,0.8712764312624931,0.02415003311137476,0.7883463501930237,0.9245429039001465,0.8599313782453537,0.018513644535285565,0.46294963359832764,0.818297803401947,0.6034490539729596,0.04954487933276477,0.40944552421569824,0.8400334119796753,0.6450984984636307,0.06266406728052774,0.482124924659729,0.821183443069458,0.6218726354837417,0.04574017742400512,0.031446540880503145,0.7345179706885857,0.24848747607469912,0.10949019071984933,1.0880258671872152e-83,0.6453559726822123,0.325767935882732,0.08876333351659169,0.2564769387245178,0.9976904988288879,0.9076665018498897,0.08728492673655203,8.225923374993727e-05,0.9993693232536316,0.8046642402606012,0.22912340970132247,8.434251685142517,8.434251685142517,8.434251685142513,3.552713678800501e-15,6.0,141.0,74.479,29.04901993183247,79.3,0.4,20.3
huggingface_google/pegasus-pubmed,0.0,0.5526315789473685,0.2581762851727227,0.0857561632054678,0.0,0.2272727272727273,0.047209768755550864,0.04284420010744015,0.0,0.37037037037037035,0.15988018837509033,0.052527370380694056,0.7468793988227844,0.9055702090263367,0.8385268335342407,0.022406052902277925,0.7634824514389038,0.9138573408126831,0.8423953857421875,0.02058716541904149,0.7603827714920044,0.8981214165687561,0.8403345267176628,0.01900214302843099,0.3687288165092468,0.7077346444129944,0.5702599444389344,0.04634210543829963,0.3449244201183319,0.748346209526062,0.5799065546989441,0.04648118750765481,0.3690285384654999,0.7037539482116699,0.5743978055119514,0.04213329457034451,0.0,0.3968,0.15474932973331176,0.06176798156639952,2.1454205905019665e-79,0.6010595836306004,0.33083830261345964,0.08797909200877829,-0.021046262234449387,0.9693561792373657,0.7354338656999171,0.14093005372291106,0.0006128440145403147,0.995050311088562,0.19594548864825628,0.2240646944937287,1.014858183145523,1.014858183145523,1.0148581831455235,4.440892098500626e-16,4.0,108.0,65.123,17.274080901744092,99.3,0.2,0.5
huggingface_google/bigbird-pegasus-large-pubmed,0.0,0.4615384615384615,0.2138652169895039,0.07512222818449536,0.0,0.17999999999999997,0.030231139703944292,0.031262123400706776,0.0,0.31372549019607837,0.13453168211661204,0.04409311268294115,0.751461923122406,0.8870730400085449,0.8302126262784004,0.020772754187281712,0.7600363492965698,0.8995304703712463,0.8328074407577515,0.020249965931324068,0.776348352432251,0.8920685648918152,0.8313947563767433,0.01809375813003063,0.404127299785614,0.7051831483840942,0.5480722880661487,0.041075895141927464,0.4240192174911499,0.7213075160980225,0.5614950431883335,0.04282281048532365,0.439543217420578,0.6989074945449829,0.5541537360846996,0.03801130550223314,0.0,0.3858788350986545,0.13646816381430246,0.05461113542515245,0.08183608030427372,0.5138517641079673,0.2849290851291953,0.07676757703531573,0.07508572936058044,0.9676544666290283,0.6590230762064457,0.1600653545079197,0.000580446096137166,0.9287536144256592,0.09863646090379916,0.14744696887139377,0.9080907926559448,0.9080907926559448,0.9080907926559446,2.220446049250313e-16,32.0,116.0,76.7,17.834909587659816,93.5,0.0,6.5
huggingface:completion_microsoft/biogpt,0.0,0.6875,0.22536456407608665,0.12556255402774405,0.0,0.5,0.06965440797563895,0.07618711806114556,0.0,0.5945945945945946,0.16685847679944496,0.09472289808014776,0.6930193901062012,0.9599259495735168,0.8515806940793991,0.049855921279299296,0.7498536109924316,0.9172141551971436,0.8342908987402916,0.03042002383507666,0.7337471842765808,0.9201445579528809,0.8424843024611474,0.03757737262367001,0.26190444827079773,0.8491011261940002,0.6160270552337169,0.10148498565432625,0.30904316902160645,0.7572458982467651,0.5346785434782505,0.07870762294574267,0.2928663492202759,0.780677318572998,0.5709690397977829,0.08466354939006067,0.0,0.5444214876033058,0.10371199784229856,0.07882559681196352,1.4823257380964558e-155,0.6482595426223073,0.15725667480146904,0.12527069470910918,-0.08747009187936783,0.9837949275970459,0.6635612679487094,0.24033090877032662,0.0004801970790140331,0.9982821941375732,0.649678848916752,0.3808908851704037,0.31043553352355957,3.417034387588501,0.9160066294670105,0.5170390692890589,3.0,127.0,27.111,21.82339751276139,77.2,20.599999999999998,2.1999999999999997
huggingface:chat_swiss-ai/Apertus-8B-Instruct-2509,0.0,0.661764705882353,0.38766190874602774,0.08734555529912139,0.0,0.4460431654676259,0.13408770678213144,0.07291560738920773,0.0,0.5,0.25046284236733235,0.07183063738238499,0.7402591705322266,0.9257581233978271,0.8679706398248672,0.0195159577343897,0.7649906873703003,0.9425262212753296,0.8840911409258843,0.02221556250645797,0.7524217963218689,0.9236039519309998,0.8758189598917961,0.01781517904271159,0.41450005769729614,0.788525402545929,0.63396813082695,0.04514335038566766,0.339032381772995,0.8608236312866211,0.6782124038636684,0.056295294840010494,0.37298712134361267,0.7918319702148438,0.6544858297407627,0.045118897425441326,0.0,0.617376210845088,0.2755713864166151,0.10314694065200443,1.1944830130517323e-238,0.6503839221585275,0.3723551550024569,0.0869581674996495,0.026324424892663956,0.9858438372612,0.9180058751441539,0.05641453291208126,0.00045000953832641244,0.9983470439910889,0.8433871904772241,0.19527039498929083,11.059567213058472,45.43683934211731,34.115610014677046,8.203344954409383,1.0,117.0,73.22,19.140992659734238,92.9,0.6,6.5
huggingface:chat_Uni-SMART/SciLitLLM1.5-7B,0.08823529411764706,0.6666666666666666,0.34937746251491925,0.10965613354004376,0.0,0.5161290322580646,0.12866246849448626,0.09064175128439392,0.05194805194805195,0.65625,0.24849065045214616,0.09178847376723756,0.7973188161849976,0.9649874567985535,0.8815537978410721,0.026414613154536946,0.7766513824462891,0.9438234567642212,0.8655659993886947,0.02481307417174044,0.8152776956558228,0.947169303894043,0.8732200763225555,0.020579444373177852,0.48476722836494446,0.909789502620697,0.6780070361793041,0.059830432244667275,0.3920133411884308,0.8496062755584717,0.623906677722931,0.06415730809282692,0.45918092131614685,0.859031617641449,0.6476863579154014,0.04999301651749964,0.02044989775051125,0.627761121610653,0.19732311432873664,0.10987554602807767,4.8495387866986246e-05,0.6860094024139773,0.29870607063799326,0.15668212074364773,0.31131142377853394,0.989612340927124,0.8448141370415687,0.08075673892070193,0.00031963700894266367,0.997328519821167,0.810450421498128,0.2839327061578557,4.241689682006836,27.91504716873169,11.75249886059761,6.714406589556053,8.0,99.0,34.706,20.6780454588919,88.5,11.5,0.0
huggingface:chat_Uni-SMART/SciLitLLM1.5-14B,0.0,0.8113207547169812,0.38756156753242854,0.10918322623172852,0.0,0.6346153846153846,0.14344816144558797,0.09038392764739003,0.0,0.6530612244897959,0.2661109910974826,0.09154573525535281,0.7429315447807312,0.9544341564178467,0.8799341368079185,0.02397841463665431,0.7651365995407104,0.9508349895477295,0.8739310790896415,0.024421905816471474,0.7538706660270691,0.9414456486701965,0.87673598331213,0.02057839120762144,0.4293133616447449,0.8535085916519165,0.6684202656149865,0.05693058211334595,0.3567756712436676,0.8628642559051514,0.6481880977749824,0.0627018549777769,0.38969773054122925,0.8389041423797607,0.6566896837055684,0.05162969764699046,0.0,0.6962238522140722,0.2372405607943808,0.11256247319609482,1.9486643708058485e-238,0.7960827325797781,0.3894754382967406,0.13729075203827804,-0.009444013237953186,0.9881032705307007,0.8455999073833227,0.0863057644511698,0.0004962712991982698,0.9976108074188232,0.811907081910118,0.26764388537487527,34.555936098098755,233.83741450309753,119.8281441104412,49.047222929952696,1.0,106.0,43.001,17.219959320509442,95.89999999999999,3.9,0.2
huggingface:chat_aaditya/OpenBioLLM-Llama3-8B,0.0,0.6601941747572815,0.1991395499533879,0.14570850816781464,0.0,0.396039603960396,0.05089418594078971,0.06422246312780092,0.0,0.5825242718446603,0.13612589078074383,0.09961067155518157,0.6989996433258057,0.9220927357673645,0.840222132742405,0.05635387336938803,0.7376935482025146,0.9395184516906738,0.8313844140768051,0.040872833723078046,0.7356112003326416,0.9236841201782227,0.8353929507136345,0.04591424544026952,0.3595193922519684,0.7734390497207642,0.5870155290365219,0.09662291103754705,0.3124295473098755,0.8335874080657959,0.5296032868623733,0.1159145027689654,0.3491520583629608,0.7954066395759583,0.5547020763158799,0.10203821523793404,0.0,0.553479488457067,0.10955019621363055,0.10492998809582439,0.0,0.6583400599045426,0.19555487625504742,0.1559112317011212,-0.12513694167137146,0.9719927310943604,0.5874693640090991,0.31531150714354084,0.00042528638732619584,0.9944567680358887,0.4168835140862793,0.35971178541280296,5.873894691467285,39.18942213058472,14.905223209619523,10.7106645462479,1.0,107.0,30.893,27.10091420967197,76.9,22.7,0.4
huggingface:conversational_BioMistral/BioMistral-7B,0.0,0.7540983606557377,0.3696050587469956,0.09203487232456936,0.0,0.5166666666666666,0.12732979398167452,0.07731506653131992,0.0,0.512396694214876,0.2389628213567266,0.07339150765201982,0.7944598197937012,0.9263811111450195,0.8593730180263519,0.020169806914282273,0.7589960098266602,0.9450831413269043,0.8760644314289093,0.022529444042003167,0.7894474267959595,0.9256887435913086,0.8675231148004532,0.018926929489726074,0.4353357255458832,0.7684423923492432,0.6189102893471717,0.047141679063151885,0.3760145306587219,0.8372304439544678,0.659981581568718,0.05547024349107891,0.4074835777282715,0.7838932275772095,0.63822881218791,0.047680583902324436,0.0,0.7120873786407768,0.2625949848520022,0.10054554208464198,0.033240910153341414,0.6834924059265867,0.3809135520130971,0.08253133465317358,0.024589519947767258,0.9944538474082947,0.887961020566523,0.0830172646339416,0.0010732626542448997,0.9957315325737,0.8288679435903905,0.1902777865707574,1.0140256881713867,5.978949785232544,5.4177081923484804,0.68119709230206,16.0,104.0,70.611,12.044653544207902,99.9,0.0,0.1
ollama_deepseek-r1:1.5b,0.0,0.6446280991735538,0.35877680863440947,0.0957027316459657,0.0,0.3132530120481928,0.10625674637381326,0.061106545271075584,0.0,0.48,0.22725583484634962,0.06889459700330218,0.0,0.9493575096130371,0.8674150747060776,0.060303604759379854,0.0,0.9338542819023132,0.87161162596941,0.06032040012318869,0.0,0.9302688241004944,0.8693384709954262,0.05907294840242593,0.0,0.8134667873382568,0.6363862747848034,0.0671543010405421,0.0,0.8193330764770508,0.6468080982267856,0.07562190243923958,0.0,0.784203052520752,0.6401001663506031,0.06497166976992355,0.0,0.5563295054191431,0.22150897301553488,0.09243291167591422,0.0,0.6762110156444332,0.3630235996744174,0.11484035616301602,-0.017951542511582375,0.9863089323043823,0.872072167468723,0.12562624713300638,0.0006139391334727407,0.998561441898346,0.761817308073165,0.249567658071919,1.2396223545074463,8.859894752502441,2.964780807495117,0.8273568612921017,0.0,138.0,56.438,24.16295006823463,93.10000000000001,3.6999999999999997,3.2
ollama_deepseek-r1:7b,0.0,0.6514285714285714,0.37457842343847403,0.08571572393078161,0.0,0.42857142857142855,0.11423872935571894,0.061166631602513497,0.0,0.4912280701754386,0.23076657859704586,0.06414076136665244,0.0,0.9340189695358276,0.8590713948607445,0.06389454214012733,0.0,0.9475282430648804,0.8805290632843972,0.06566007351283891,0.0,0.9327907562255859,0.8695532266497612,0.06398904877843418,0.0,0.76678466796875,0.6222710952758789,0.06255744623764986,0.0,0.8314741253852844,0.6752383500933647,0.07085675559752874,0.0,0.7790994644165039,0.646897823870182,0.06279171836008854,0.0,0.6529072739587037,0.26190388956504435,0.09166490806242121,0.0,0.6076476399575316,0.35314847431917373,0.0866862269479779,-0.08408907055854797,0.9847242832183838,0.9093487333310768,0.09565074643912463,0.0002868754672817886,0.9939427971839905,0.8038434488998027,0.2066846604439437,4.4381818771362305,939.6581282615662,11.039603079080582,29.448639663685533,0.0,194.0,77.374,22.29412756759053,86.9,0.8,12.3
ollama_deepseek-r1:8b,0.0,0.6153846153846154,0.35651583011732707,0.11848517176591583,0.0,0.3614457831325301,0.1046514635964246,0.06846134110748384,0.0,0.5277777777777778,0.22716141474479234,0.08518484816680688,0.0,0.9304878115653992,0.8499897126555442,0.12069572142897446,0.0,0.9377849102020264,0.8586476694345474,0.12248644312943346,0.0,0.9260294437408447,0.854168061375618,0.12111578217069753,0.0,0.8118596076965332,0.6250340851545334,0.10299242523815955,0.0,0.8286350965499878,0.6370501505434513,0.11334445888808205,0.0,0.813198447227478,0.630053751140833,0.10566806030787997,0.0,0.506050605060506,0.20989737331965988,0.10016228934184704,0.0,0.6595193898849077,0.3950035200482177,0.11594541226015335,-0.09384508430957794,0.9858126044273376,0.8252232138854452,0.1802719701310839,0.00018825878214556724,0.9958036541938782,0.7943741859399742,0.22332650823236877,4.518438816070557,20.848257303237915,9.905097746372222,1.8241508236529145,0.0,97.0,48.047,16.271287318463774,96.1,3.9,0.0
ollama_deepseek-r1:14b,0.0,0.6495726495726495,0.38525298884350867,0.09788365195628046,0.0,0.3333333333333333,0.12030990186428128,0.06605627521192396,0.0,0.49382716049382713,0.24352471758632266,0.07570412141037976,0.0,0.93684983253479,0.8553393656611442,0.1141760650734052,0.0,0.934459924697876,0.8700308077335358,0.11634206056537716,0.0,0.9235053062438965,0.8625261059999466,0.11487214641160746,0.0,0.8292678594589233,0.6292258182168007,0.09502034494945197,0.0,0.8184521794319153,0.6668854795992375,0.10352529203288237,0.0,0.8000840544700623,0.6468692227303982,0.09711660543120457,0.0,0.6027027027027027,0.25782634967677814,0.09582602805194246,0.0,0.67882491756511,0.3852772115724838,0.09720901989583551,-0.05446510761976242,0.9832340478897095,0.8924101922707632,0.13996724389756474,0.0003825097228400409,0.9964327812194824,0.8463384864210384,0.19649692545134786,8.956230640411377,45.30651044845581,19.245906299591063,4.0740139250070175,0.0,121.0,64.444,16.796096689409715,96.89999999999999,2.1999999999999997,0.8999999999999999
ollama_gemma3:4b,0.0,0.6981132075471699,0.3885155189498795,0.08077735896646884,0.0,0.41739130434782606,0.12295684354921746,0.0647082305445345,0.0,0.5333333333333333,0.2437372120517847,0.06424509116950387,0.737991213798523,0.9228734970092773,0.8675912500023842,0.017410887975349478,0.75834059715271,0.9491715431213379,0.8866810375452041,0.02025026719337067,0.7483316659927368,0.9282371401786804,0.8769468549489975,0.016782913529607302,0.4072234034538269,0.7719547152519226,0.6324798029065132,0.041649857066638346,0.33797788619995117,0.8380970358848572,0.6832332027554512,0.051095972985113966,0.36938342452049255,0.797656238079071,0.6564181830286979,0.042941316743217495,0.0,0.6123370154285731,0.2683712645890301,0.08549516160023665,1.231781760603195e-237,0.6442671920267754,0.366852295745532,0.07360310064529162,0.05491118133068085,0.9832943677902222,0.9188077922090888,0.052334062256720514,0.0005279216566123068,0.9974801540374756,0.8452775081135915,0.1809502875509499,0.19337844848632812,3.501980781555176,2.0088260560035707,0.3945797334879591,1.0,108.0,74.525,10.332926739312535,99.2,0.2,0.6
ollama_gemma3:12b,0.03333333333333333,0.6307692307692309,0.3821594157248926,0.07530362308104617,0.0,0.38461538461538464,0.1156697884685278,0.059517527106441544,0.03333333333333333,0.45762711864406785,0.239185659373296,0.06012556794371867,0.8128221035003662,0.9192436337471008,0.8682946226596833,0.0157675619865401,0.8094732761383057,0.9310495853424072,0.8840253217220306,0.0194477912668805,0.8208238482475281,0.918222188949585,0.8760088638067246,0.015571255067779144,0.5110121965408325,0.7756290435791016,0.633564261496067,0.04036798802806157,0.49359753727912903,0.8043489456176758,0.6782113685309887,0.04863526100584823,0.5021539330482483,0.7660865783691406,0.654697790324688,0.0411291933769902,0.012626262626262628,0.5472380912594388,0.25462286650165245,0.08111303841109943,0.05421213981283293,0.6465975563444718,0.3706175486067299,0.0702626561330688,0.09937657415866852,0.9834068417549133,0.9160240940004587,0.045358790501969976,0.0012502532918006182,0.9950966238975525,0.8564600485989359,0.17602692464519568,0.836747407913208,6.472907543182373,4.147376942157745,0.6591842260674257,18.0,108.0,71.797,8.194985722989394,99.9,0.0,0.1
ollama_llama3.2:1b,0.06349206349206349,0.6153846153846153,0.3727312317001021,0.07798585529502605,0.0,0.39062500000000006,0.11720356480295183,0.062274315766457325,0.06349206349206349,0.4296296296296297,0.23085106345396958,0.05861683030189519,0.8071363568305969,0.9141474962234497,0.8641322361826896,0.015746421911146148,0.8081802129745483,0.9379546642303467,0.8823629813194275,0.01946993493432131,0.8217741250991821,0.9147786498069763,0.873058714568615,0.015201559945091292,0.5045137405395508,0.7475728988647461,0.6226882396936416,0.03864528728964304,0.48300766944885254,0.8165860176086426,0.6738895696699619,0.04856136319284867,0.5312206149101257,0.7579060792922974,0.6467771756649018,0.03969426111428909,0.013736263736263736,0.6151227814247507,0.27757259368055714,0.09066899190622528,0.052257279693988926,0.6465395258024955,0.34668407367461396,0.07394245156747482,0.44211307168006897,0.9854620695114136,0.9182963389456272,0.04337462704419909,0.000648616231046617,0.9973351359367371,0.8309763346291147,0.19089990610116972,0.4276883602142334,1.7051079273223877,0.8322546954154968,0.148486397368618,13.0,118.0,82.572,11.472088563117005,96.8,0.1,3.1
ollama_llama3.2:3b,0.14414414414414414,0.6099290780141844,0.3824829997508393,0.0782994029760578,0.0,0.3611111111111111,0.1269279848744869,0.06502807752133688,0.08888888888888888,0.4492753623188406,0.23885359463428577,0.06139470771951406,0.8189265727996826,0.925513744354248,0.8649458437561989,0.015495566779839313,0.8064999580383301,0.9327588677406311,0.8858210894465447,0.020081597164047033,0.8266948461532593,0.9158600568771362,0.8751679304242134,0.0155117270339695,0.5114802122116089,0.7737070322036743,0.6248716534376144,0.03877922695153439,0.5077837705612183,0.8148418664932251,0.6838908666372299,0.050018545979147316,0.5329190492630005,0.7764356732368469,0.6525286827087402,0.040283521553955905,0.06557377049180328,0.5720862577848075,0.2888789598520423,0.09190007153907487,0.11229387224700112,0.6329393161590955,0.3406875701859275,0.07101172892208203,0.5311790704727173,0.9893723130226135,0.9290130100846291,0.036188997621296924,0.0005051325424574316,0.9937275052070618,0.8401628971629543,0.1874447391467083,0.5689573287963867,2.570899486541748,1.6855131084918975,0.25806024583572595,18.0,97.0,83.819,9.576546298118128,100.0,0.0,0.0
ollama_medllama2:7b,0.0,0.706896551724138,0.3261377187476346,0.13194046674857055,0.0,0.4347826086956522,0.10004180369964015,0.07160407286897544,0.0,0.5142857142857142,0.207734946299934,0.09243160554482084,0.7268510460853577,0.9194486141204834,0.8561868118047714,0.04114359618457759,0.7326947450637817,0.9369505643844604,0.8658164930939675,0.036977976690965066,0.7351593971252441,0.9179144501686096,0.8608388989567757,0.03769107363519404,0.37937748432159424,0.7662169933319092,0.6127669408917427,0.07210121937614987,0.31104499101638794,0.8543167114257812,0.6249144766926765,0.10243076533670735,0.34182974696159363,0.7695149183273315,0.6175935808718205,0.08532757460469141,0.0,0.6431237162959402,0.2243483228118268,0.11536567603747445,3.591526388055532e-254,0.6314759323945731,0.3496891077016202,0.13763808921771417,-0.12513694167137146,0.9810045957565308,0.7982976529691368,0.2524253917037265,0.00040423881728202105,0.9954794049263,0.7366752591337427,0.3000132302177622,0.3310098648071289,6.274527072906494,1.9062955071926118,0.6823063165477569,1.0,176.0,60.162,26.574268682317488,85.8,9.700000000000001,4.5
ollama_mistral:7b,0.0784313725490196,0.6363636363636365,0.38127505652937776,0.07895027162283022,0.0,0.3495145631067962,0.13474309361094197,0.06667819575180668,0.0392156862745098,0.5333333333333333,0.24380340462525735,0.06545904494328374,0.8035866022109985,0.9293010234832764,0.8587774040102959,0.017602297733699923,0.8012157678604126,0.9389451742172241,0.8877731025218963,0.019053330000643392,0.8238827586174011,0.9253213405609131,0.8729296894073486,0.0156672182368959,0.4881071448326111,0.7614086270332336,0.6178220662474633,0.04168183075128622,0.45661115646362305,0.8512908220291138,0.6908220185637474,0.049373301387898555,0.502140998840332,0.774728536605835,0.6516536632776261,0.040709026636414895,0.0439882697947214,0.6433689402562532,0.3043558849395672,0.0945234425501165,0.13624487342209982,0.6402552977131163,0.32884658070825606,0.07928852239502669,0.41753309965133667,0.9929872751235962,0.9409076623916626,0.03749164506866312,0.0006790473125874996,0.9947840571403503,0.8971998887527735,0.16463286397724425,1.3125479221343994,8.707777261734009,3.9079722769260408,0.9862513196888689,17.0,214.0,94.693,21.718258470696956,61.4,0.0,38.6
ollama_PetrosStav/gemma3-tools:4b,0.09090909090909091,0.706896551724138,0.3913001762107317,0.08218512872737993,0.0,0.4536082474226804,0.12273328168164246,0.06625131845571855,0.08955223880597016,0.5689655172413792,0.2485050835583995,0.06525607363602537,0.8136405944824219,0.9311676025390625,0.8725942060947418,0.01764987274798561,0.807992696762085,0.9500800371170044,0.8838975529074669,0.01998287337987507,0.8260955810546875,0.9343138933181763,0.8781204398870468,0.016668891298053334,0.49373510479927063,0.799714207649231,0.644754082351923,0.04324822929348261,0.48123061656951904,0.8406131267547607,0.6761997238397598,0.04976913370598568,0.48740267753601074,0.8062539100646973,0.6596177378892899,0.0430104084389418,0.03731343283582089,0.6184631997864545,0.2521651193431851,0.0866912642025989,0.06964261514546911,0.6753150543125118,0.4031156833722047,0.07458835509081523,0.12330779433250427,0.9788296222686768,0.9064438705146313,0.04775874696531554,0.00019215093925595284,0.9959320425987244,0.8534851065947442,0.17527190920502417,0.5815532207489014,3.3517608642578125,1.7889008021354675,0.3299642287191821,24.0,95.0,62.767,9.57437783879454,100.0,0.0,0.0
ollama_phi3:3.8b,0.12658227848101267,0.6122448979591837,0.34854827413170314,0.07462929671400727,0.0,0.2745098039215686,0.08497472833840444,0.048531618218520166,0.0759493670886076,0.39999999999999997,0.20543940638930988,0.05382126938621578,0.8091029524803162,0.9148322343826294,0.8603272291421891,0.015984056074307505,0.7906787395477295,0.9287909269332886,0.877911579310894,0.019529502352385295,0.8186549544334412,0.9154911041259766,0.8689202293753624,0.01489259103486059,0.4544878900051117,0.7523353695869446,0.6202557500004768,0.042204229783311384,0.47455358505249023,0.8011587858200073,0.659990671992302,0.04944169175976308,0.5098301768302917,0.7724155783653259,0.6387136734127998,0.0398942742564822,0.054644808743169404,0.5545924355657755,0.23349053324333124,0.08235942155901393,0.10096885786719562,0.6592764163147613,0.3558809961512836,0.07882976107277158,0.5680137872695923,0.9793633222579956,0.8938327751755715,0.05277973991240797,0.00035679645952768624,0.9973588585853577,0.7665447213986772,0.23914311954752182,0.5488688945770264,21.685946941375732,1.8354924395084382,0.8205087082554209,21.0,167.0,71.877,21.68616773429552,91.0,0.0,9.0
ollama_phi4:14b,0.11347517730496454,0.6259541984732825,0.37985716371933803,0.07199245828234839,0.0,0.31901840490797545,0.12191353477323116,0.05757323898809799,0.0923076923076923,0.4444444444444444,0.23371367965579656,0.05704150932076248,0.8027932643890381,0.9170240163803101,0.8590764681696892,0.015955924388810643,0.808683454990387,0.9372862577438354,0.8891829251050949,0.01843560547104863,0.8205020427703857,0.9177085757255554,0.8737796292901039,0.01474561818602107,0.5013508200645447,0.7837493419647217,0.6192643544673919,0.03901337080202656,0.487652063369751,0.841690182685852,0.6942247007489204,0.04750715931760824,0.4986731708049774,0.7820738554000854,0.654103551119566,0.03913844662666954,0.05617977528089887,0.6370214522078836,0.2957141116042716,0.08767327424842493,0.15748032957524097,0.6074474838447949,0.3245848460742146,0.07053368873756147,0.32030776143074036,0.9861322641372681,0.9425559242665768,0.034332022140794616,0.0008759661577641964,0.9952459335327148,0.880895483625296,0.16629235055607663,2.5924408435821533,12.168224334716797,5.970563571691513,1.2539867684785768,23.0,149.0,92.91,16.162360594913107,70.39999999999999,0.0,29.599999999999998
ollama_qwen3:4b,0.0,0.673469387755102,0.37029964734702747,0.12554417263035547,0.0,0.4556962025316456,0.12063054054232157,0.07311056187655621,0.0,0.5918367346938774,0.24337378848338284,0.09460927380742062,0.72603839635849,0.9330747723579407,0.8626995213031768,0.035187583398826806,0.7496913075447083,0.9483799934387207,0.8763916208148003,0.03229628126723947,0.7447182536125183,0.9334835410118103,0.869396646797657,0.03259903890516416,0.3894546926021576,0.7982963919639587,0.627155393242836,0.06763213168571108,0.2842848002910614,0.8546162247657776,0.6514398161172866,0.08797116347738171,0.3368738889694214,0.814447820186615,0.6382581010460854,0.075996731702925,0.0,0.5518265475516492,0.21534049652632714,0.09765268591784568,0.0,0.7006709229979319,0.4234687918655028,0.12924480226266594,-0.03707525506615639,0.9695186614990234,0.8366861101435498,0.19909912754155007,0.004563505761325359,0.900425910949707,0.5812556382743642,0.17317663230033686,4.291109800338745,22.247567892074585,10.120765223503113,1.6753685107760445,1.0,80.0,44.221,13.285185696857985,94.1,5.8999999999999995,0.0
ollama_qwen3:8b,0.0,0.6611570247933886,0.3848990412697709,0.10866530824112328,0.0,0.36734693877551017,0.12504720561606725,0.0670655458478967,0.0,0.5156249999999999,0.24004221068514411,0.07984426038648966,0.72603839635849,0.9214180707931519,0.8612531178593635,0.029626598611457357,0.7496913075447083,0.9372553825378418,0.8853399305343628,0.02979306708001788,0.7447182536125183,0.9205930233001709,0.8730497786402702,0.02851082099933837,0.39932680130004883,0.7680840492248535,0.6205403820276261,0.05774526615594511,0.2842848002910614,0.8453384637832642,0.6767959617972374,0.08097821287866275,0.3368738889694214,0.7929959297180176,0.646662901699543,0.06720706920102451,0.0,0.6439393939393939,0.2603382577432435,0.09899577682463204,2.052385482246125e-242,0.637172756806697,0.36292005547163864,0.1055989338275942,-0.010986719280481339,0.9786803722381592,0.8782189188818448,0.17422000897885329,0.00020452667376957834,0.9950434565544128,0.7868367351768538,0.20621116648954396,4.8443145751953125,34.258212089538574,12.332448034048081,3.6845082612517492,1.0,109.0,68.899,18.419142189580924,94.69999999999999,4.1000000000000005,1.2
ollama_gpt-oss:20b,0.0,0.6434782608695652,0.3884486071133646,0.11471792005722903,0.0,0.396551724137931,0.12086401142094096,0.0682522813927246,0.0,0.5301204819277109,0.2463872129241309,0.08461885769342335,0.72603839635849,0.9249932765960693,0.8528353319764137,0.029715950809219214,0.7500975728034973,0.9413666725158691,0.882853357553482,0.030098197944398407,0.7448241114616394,0.918962836265564,0.8674942125082016,0.028577413181121943,0.39932680130004883,0.7882528305053711,0.6186673865020275,0.05922306649709263,0.2842848002910614,0.8513451814651489,0.6722050507962704,0.0825217018199059,0.3368738889694214,0.7748919725418091,0.6435076758563518,0.06865950830184742,0.0,0.570138209283964,0.2290830410787623,0.09461328596122119,2.052385482246125e-242,0.6479203425580521,0.38318252695438526,0.10747994459616275,-0.03707525506615639,0.9794504046440125,0.8670113906851038,0.1791376224581869,0.004563505761325359,0.9976822137832642,0.8061710221776739,0.21577928187820472,5.9507973194122314,86.30631160736084,21.495114429950714,11.83325625820394,1.0,106.0,60.157,15.837813959003308,95.5,4.3999999999999995,0.1
ollama_granite4:micro,0.0,0.7209302325581395,0.39122700838218577,0.09063178597646208,0.0,0.4675324675324675,0.12659522897303657,0.072676915347935,0.0,0.5294117647058824,0.25490254640653937,0.07391243030184937,0.7850250005722046,0.9365538954734802,0.8768173463344574,0.019573325740187917,0.7601253986358643,0.9400835037231445,0.8789997505545616,0.021471785898726156,0.7723745703697205,0.9274674654006958,0.8777875420451164,0.01785016960015968,0.48757630586624146,0.8053863048553467,0.6589025936722755,0.047589889381686803,0.34836164116859436,0.8220663666725159,0.6596975568532943,0.0543821634043808,0.40637674927711487,0.7980472445487976,0.6584697197377681,0.04569618295211117,0.0,0.5713029325839288,0.23299806875966225,0.09231311408277841,4.568768223681443e-86,0.6727317791873219,0.43198302458922433,0.09224985784471758,0.10529426485300064,0.9808988571166992,0.8891835195794702,0.056235983223638576,0.0007300568395294249,0.9960057139396667,0.8420770590153407,0.2137660753068974,0.10131955146789551,2.4292869567871094,0.9979888353347778,0.28974951238840513,1.0,102.0,46.58,13.236978507197177,99.5,0.3,0.2
ollama_granite4:micro-h,0.13513513513513514,0.6554621848739496,0.38558732641606275,0.08001061305548701,0.0,0.4107142857142857,0.12579643676097146,0.0627972542681229,0.08108108108108109,0.5128205128205128,0.24087094489026908,0.06421639179727899,0.7862217426300049,0.9269305467605591,0.8623062999248504,0.01864836174136463,0.8035683631896973,0.9397292137145996,0.8871752961277962,0.01981892536980903,0.8148002624511719,0.9213621020317078,0.8744465209841729,0.016392450977663123,0.47272515296936035,0.7794857025146484,0.6249365551471711,0.04371033222393102,0.4824041724205017,0.8231453895568848,0.6849185250997544,0.0504775908114757,0.49526774883270264,0.7809988856315613,0.6528072097301483,0.04170191275439866,0.043956043956043946,0.6363920237498527,0.28681220665029855,0.09146205052747408,0.15830483313335778,0.6443570860298263,0.35047251571621124,0.08428694435642342,0.5949702262878418,0.9905407428741455,0.9315157687664032,0.03788199196027114,0.0005084167351014912,0.9954982995986938,0.8533841911582276,0.18837307681330304,0.5222928524017334,4.7781476974487305,1.8295521178245544,0.5716176958289497,23.0,195.0,82.928,24.203570315141526,77.8,0.0,22.2
ollama_granite4:tiny-h,0.15384615384615385,0.6885245901639344,0.3933672237613639,0.07757613213040865,0.0,0.4171779141104295,0.13466238320274004,0.06589939099049232,0.09230769230769231,0.4950495049504951,0.24599869546697453,0.06526366359970676,0.8043519258499146,0.920213520526886,0.8623457882404327,0.01683778347842532,0.8074057698249817,0.9387753009796143,0.8887945162057876,0.01979177808893423,0.8177623152732849,0.922581136226654,0.8752816423773766,0.01609445576594505,0.49414581060409546,0.7918107509613037,0.6232897780537605,0.04090700778110218,0.4983782470226288,0.8418117761611938,0.690830373197794,0.049586015101937345,0.5086153149604797,0.7883580327033997,0.654830215215683,0.04128510474378716,0.07653061224489795,0.6202182546111777,0.30508098606615475,0.09208208428025369,0.149116668861923,0.6389455352907811,0.34296842393326393,0.07490500745413704,0.7747454643249512,0.9918148517608643,0.9378789709210396,0.03261494302539128,0.0011290406109765172,0.9948703646659851,0.8516294244814199,0.1867781240457582,0.8685557842254639,2.9217514991760254,1.6239532945156097,0.32161149026321256,46.0,145.0,86.783,16.18974709499812,82.39999999999999,0.0,17.599999999999998
ollama_granite4:small-h,0.0,0.6722689075630253,0.39444171347446627,0.09106984825164213,0.0,0.36257309941520466,0.13306858720162285,0.06917135357300543,0.0,0.5378151260504203,0.2507775501607973,0.07112507301307926,0.737991213798523,0.9268370866775513,0.8645974535346032,0.019499148911687733,0.7765400409698486,0.9455344676971436,0.8863654050827027,0.022177916862792805,0.7677379250526428,0.9339392781257629,0.8751907659769058,0.01737057321995234,0.44402986764907837,0.830824613571167,0.633777951836586,0.04596349007528706,0.39747703075408936,0.8439137935638428,0.6828877645134925,0.05859505994487107,0.425258070230484,0.8373180627822876,0.6563443386554718,0.045574843959173196,0.0,0.6261874146686798,0.2827566579877588,0.10365459003042592,1.231781760603195e-237,0.7319728027655047,0.36605526985078907,0.09338772145612759,0.05491118133068085,0.9865833520889282,0.9166292429119348,0.0787956753044818,0.0004979356890544295,0.9958229660987854,0.8587728905773256,0.19475047196180442,1.336000680923462,21.18124532699585,9.851527731180191,2.392569786122082,1.0,134.0,72.999,21.985108573759646,90.5,0.4,9.1
openai_gpt-3.5-turbo,0.0,0.660377358490566,0.3910668957343456,0.09055096153980148,0.0,0.39240506329113917,0.12941306501947786,0.06637520214099853,0.0,0.5471698113207547,0.24869267412275212,0.07002987549660399,0.7362823486328125,0.9330333471298218,0.8703798456192017,0.021639139564936523,0.7524168491363525,0.9398174285888672,0.884270987033844,0.02418322783966528,0.7483316659927368,0.9330472350120544,0.8771788234114647,0.021130283341826903,0.40510091185569763,0.8254345655441284,0.6366906475424766,0.04700752593019709,0.32464903593063354,0.8299773931503296,0.6787650916874409,0.06281831812348863,0.36292004585266113,0.8255677223205566,0.6564620675742626,0.05184681541684913,0.0,0.5923841726039528,0.27475840083290975,0.09400742031514717,6.798610414096889e-240,0.7253162548320607,0.37238270013535646,0.08595799688512054,0.00217294879257679,0.9879169464111328,0.9125181035399437,0.10252337225413438,0.0009990271646529436,0.9963414072990417,0.8891485568026546,0.16281345415398402,0.6629443168640137,11.140108585357666,1.7354376771450042,0.5265399171485692,1.0,102.0,72.019,14.383554463344588,98.5,1.3,0.2
openai_gpt-4.1,0.0,0.6603773584905661,0.39218981490147325,0.11674704107329702,0.0,0.40298507462686567,0.12861889889960706,0.07310725120965259,0.0,0.5283018867924529,0.2527312210037029,0.08950656731201392,0.72603839635849,0.9365874528884888,0.8712500437498093,0.03272958098410587,0.7500975728034973,0.9387345910072327,0.8813735600113869,0.031047038105061556,0.7448241114616394,0.9263399243354797,0.8761922557950019,0.030684792349213647,0.3894546926021576,0.8128349184989929,0.6439957622885704,0.0649037094507539,0.2842848002910614,0.8448596000671387,0.6651645774245262,0.08373168293806894,0.3368738889694214,0.8018854856491089,0.6536958629488945,0.07247777076708897,0.0,0.5425790754257909,0.24675547177553653,0.10061728137397317,2.052385482246125e-242,0.6548693707117842,0.41129457954736504,0.11496178584817957,-0.03707525506615639,0.9800610542297363,0.8647869418179617,0.17948146887941355,0.0020415722392499447,0.998229444026947,0.8557114481967873,0.211356135954456,0.5446610450744629,18.155627489089966,1.746934942960739,0.8553822608600777,1.0,89.0,55.037,14.593204959843467,95.5,4.5,0.0
openai_gpt-4.1-mini,0.0,0.6666666666666666,0.39724429777122383,0.11415919657394874,0.0,0.45454545454545453,0.13254180519330025,0.07205470264168629,0.0,0.5535714285714286,0.2536613063221019,0.08703082025008356,0.72603839635849,0.9366965889930725,0.8680585646033288,0.0313022837382796,0.7496913075447083,0.9427312612533569,0.8852086672186852,0.030744389326238325,0.7447182536125183,0.9274941086769104,0.8764677217006683,0.02987613600706593,0.39932680130004883,0.8206456303596497,0.639077928096056,0.06211210308081479,0.3110716938972473,0.8403422832489014,0.6761319113969803,0.08295729377054853,0.35775136947631836,0.8146811127662659,0.6563804026246071,0.07066830166769135,0.0,0.5930851063829787,0.26387306478888595,0.10177006431162566,2.0444361166087533e-240,0.661696849014077,0.391735866630897,0.11019831547000915,-0.03707525506615639,0.9805630445480347,0.8829973052209243,0.17637538612527165,0.004563505761325359,0.9947530031204224,0.8445146176964045,0.20942435477184373,0.5956385135650635,11.187721490859985,1.988787769794464,0.8196283222270319,1.0,96.0,62.154,16.162248729678677,95.8,4.2,0.0
openai_gpt-4o,0.0,0.6666666666666666,0.39473431804878895,0.10660265678490147,0.0,0.4854368932038835,0.13130621285696015,0.07407899236947187,0.0,0.5233644859813085,0.2590707221991704,0.08342619169036121,0.7332251071929932,0.950400710105896,0.8752893499135971,0.028804647447128583,0.7549148797988892,0.9360259771347046,0.881987313747406,0.027093221910482124,0.7461866140365601,0.9333190321922302,0.8785247414112091,0.026383162964412725,0.39932680130004883,0.8317986130714417,0.6540445923507213,0.06046182480822392,0.319699764251709,0.839866042137146,0.6676829134523868,0.07336457637969554,0.36177030205726624,0.8164596557617188,0.6600818051099777,0.06422114706265876,0.0,0.5396230406642736,0.24632796325311396,0.09607541577241704,6.798610414096889e-240,0.6648788063462419,0.42443978641430713,0.10505659914604502,-0.010986719280481339,0.9824484586715698,0.8774424387561157,0.14683080582992802,0.0017732447013258934,0.9958019852638245,0.8715851368692238,0.1931521041644086,0.60487961769104,9.110101699829102,2.743495067358017,0.8517986383542431,1.0,91.0,52.225,12.970827845592586,97.2,2.8000000000000003,0.0
openai_gpt-4o-mini,0.0,0.6534653465346534,0.3935952282103797,0.08456919450154822,0.0,0.352,0.12638382135938478,0.06504688090709707,0.0,0.4827586206896552,0.24943999171727346,0.06722724009824356,0.737991213798523,0.9318161010742188,0.8698135493993759,0.019378999844510508,0.75834059715271,0.9329521656036377,0.8858099499940872,0.021643730330387953,0.7483316659927368,0.9224997758865356,0.877644310951233,0.018425778659623138,0.39943772554397583,0.8118453025817871,0.6396001806557179,0.04516839104437389,0.33059483766555786,0.8184540271759033,0.6825027030706405,0.056675477777322326,0.36177030205726624,0.7956352829933167,0.6597999530434608,0.04742896850976905,0.0,0.5434106460499422,0.26807564238987086,0.08750555112048432,2.5308545564866623e-238,0.6764338517906356,0.38034416336495486,0.0785808581836482,-0.0061830622144043446,0.9893826246261597,0.9168441281984561,0.07656953306369033,0.0001404072972945869,0.9958742260932922,0.8813523042651941,0.16905679475043048,0.5846116542816162,6.239530801773071,2.7338231537342073,0.6453038815110643,1.0,100.0,70.055,11.32360256278893,99.4,0.6,0.0
openai_gpt-5-nano-2025-08-07,0.0,0.6788990825688073,0.41058623013666623,0.09083974460250423,0.0,0.45977011494252873,0.13349957660110762,0.07126867387040864,0.0,0.6168224299065421,0.263808115131826,0.07501291049530623,0.7385163307189941,0.9299991130828857,0.8706525794863701,0.020119285180091893,0.7644237279891968,0.9465386271476746,0.8857788546681404,0.021122484665405422,0.7567954063415527,0.9309408068656921,0.8780452991724015,0.01828176374482581,0.39943772554397583,0.823111891746521,0.6435025271177292,0.04811619033021086,0.33059483766555786,0.8207588195800781,0.6785683112740517,0.05217498475627985,0.36177030205726624,0.7970722317695618,0.659867328196764,0.045554498998141166,0.0,0.6600422832980972,0.24543975828440756,0.08926436597837023,3.941264533735941e-240,0.6727494851021948,0.43005548304346153,0.08416920290868872,-0.0061830622144043446,0.9801033139228821,0.8870737494728528,0.0748034186666728,0.000569688796531409,0.995288610458374,0.8353448774120188,0.19870452621119258,0.7966876029968262,604.9081013202667,3.308756450653076,19.271808167948322,1.0,99.0,53.979,11.84443156086437,99.6,0.4,0.0
openai_gpt-5-mini-2025-08-07,0.0,0.6666666666666666,0.40125250053168693,0.10935514247845018,0.0,0.3888888888888889,0.12836306163505015,0.07183782710410491,0.0,0.5544554455445545,0.26190366035434054,0.08676427057223474,0.7326715588569641,0.9246702194213867,0.8627595045566558,0.0282686404649059,0.7496913075447083,0.9399297833442688,0.8849104118943214,0.027247658946289964,0.7447182536125183,0.9316148161888123,0.8736004410982132,0.02629147245528069,0.39932680130004883,0.7972837686538696,0.6342663669288159,0.05882941910922227,0.3110716938972473,0.8432323336601257,0.674757346868515,0.07349006355345823,0.35775136947631836,0.8015414476394653,0.6531473933160306,0.0633860117448032,0.0,0.5244666486632461,0.2365437898253104,0.09580649126127608,2.0444361166087533e-240,0.6757346151687508,0.4183766394706348,0.10411363862926115,-0.03707525506615639,0.9810736179351807,0.8699030323601328,0.14918543715090776,0.0005977157270535827,0.9972282648086548,0.8262450740103378,0.22891867271905866,0.960533857345581,106.64187431335449,3.5811709835529326,4.796019869472209,1.0,84.0,53.335,13.241630375448485,97.1,2.9000000000000004,0.0
openai_gpt-5-2025-08-07,0.0,0.65,0.3809540066139877,0.11633432947916202,0.0,0.3801652892561984,0.11869770311449535,0.06592301602074362,0.0,0.513157894736842,0.23978546995554942,0.08469610313849042,0.72603839635849,0.915219783782959,0.8551771261096001,0.030956008175812025,0.7496913075447083,0.9388924837112427,0.8850212825536727,0.03193602753762837,0.7447182536125183,0.9233676791191101,0.8697700257301331,0.03041881720897534,0.39932680130004883,0.7808866500854492,0.6137039352953434,0.05949497324325845,0.2842848002910614,0.8450933694839478,0.6778386189639568,0.08806514760617215,0.3368738889694214,0.7863766551017761,0.6433206398785114,0.07184009240528023,0.0,0.5568947762591275,0.2590750981951593,0.10183049470338813,2.052385482246125e-242,0.6167452826674314,0.3524825822673437,0.10598672425336057,-0.03707525506615639,0.9813503623008728,0.8656374797048048,0.19494027097458488,0.004563505761325359,0.9963752627372742,0.8049750888040289,0.20969563590728507,0.9064123630523682,39.216042280197144,3.5414282870292664,3.5151628449237826,1.0,96.0,69.602,17.777333770844265,94.8,5.2,0.0
anthropic_claude-3-5-haiku-20241022,0.0,0.6394557823129251,0.384131809168602,0.0900483490593029,0.0,0.3368421052631579,0.11723150526275675,0.06668569862350418,0.0,0.5048543689320388,0.24914979014257246,0.07355085294222741,0.7396008968353271,0.9287807941436768,0.8754602590799332,0.019501978850090283,0.7763162851333618,0.9414193630218506,0.880209259390831,0.02228944240229558,0.7616504430770874,0.9319252371788025,0.8777408492565155,0.019070994302365727,0.39932680130004883,0.8034847974777222,0.6539358849227428,0.04898285423407469,0.3495830297470093,0.8158315420150757,0.6658915601074695,0.056938469271200186,0.37818029522895813,0.7994202375411987,0.6593953472077847,0.050221956599086626,0.0,0.5517642786962279,0.23166316162449352,0.08643792990625324,3.746751499013639e-237,0.6372775595695744,0.42324905043461114,0.08031026626014916,0.0340270921587944,0.9785839915275574,0.8983284573443234,0.08303598384674422,0.0002977645490318537,0.9981133341789246,0.8468257042440237,0.19948277074191997,1.3902256488800049,8.776190757751465,2.4041241829395292,0.35820583497184655,1.0,80.0,53.414,8.059069673355603,99.7,0.3,0.0
anthropic_claude-sonnet-4-20250514,0.13953488372093023,0.6666666666666666,0.39306963987137405,0.08310778978162109,0.0,0.4521739130434782,0.1304255284220525,0.06979076087875923,0.08620689655172413,0.5283018867924528,0.2529447498497195,0.06999156056030936,0.8116860389709473,0.9256188869476318,0.8676331818103791,0.017258301823662427,0.8096613883972168,0.9490789175033569,0.8887679985165596,0.02060426646365493,0.8229113221168518,0.9269089698791504,0.8779799069166183,0.01668539885740421,0.49612030386924744,0.7757494449615479,0.633985035032034,0.043922860022105645,0.49133366346359253,0.8647339344024658,0.6887447962760925,0.051772871894148115,0.5010603070259094,0.7907190918922424,0.6597122619152069,0.044005739578036565,0.0635593220338983,0.6015820702637472,0.28052131511998923,0.09567859028104447,0.12063670900153908,0.6863708925756791,0.36942324945729343,0.07641326324729304,0.7218475341796875,0.9870237708091736,0.9258849712014199,0.034630443053729934,0.00026691160746850073,0.9975786209106445,0.8244396973488911,0.19862740521206934,1.886016845703125,68.5527024269104,3.4596068871021273,2.540691656007658,32.0,113.0,73.079,12.00744598155661,98.9,0.0,1.0999999999999999
anthropic_claude-opus-4-20250514,0.0,0.5734265734265734,0.3701919804151546,0.07727106200136812,0.0,0.3595505617977528,0.12014556475194249,0.05937744888477537,0.0,0.4755244755244755,0.23450387215366708,0.062170720889866596,0.7334674000740051,0.9112339019775391,0.8595184565186501,0.017101763609975635,0.7714913487434387,0.937335729598999,0.8888536339998245,0.02023595552906518,0.7519989609718323,0.9144437909126282,0.8738613299131394,0.016756094228468382,0.409883975982666,0.741346001625061,0.6137607082724571,0.04210910184439987,0.31772878766059875,0.8298836946487427,0.6903756915926933,0.05269121564642077,0.3579704463481903,0.7584336400032043,0.6493591504395008,0.044159624602701196,0.0,0.5749277556075411,0.28603193230562046,0.08679931332850103,7.580015016134447e-239,0.5961156071871815,0.3148109124798147,0.06949964804264008,0.00195480789989233,0.9852388501167297,0.9339722330020741,0.058461165496738625,0.0006001875153742731,0.996353805065155,0.8230545750382007,0.19339201811925355,2.4241724014282227,18.90723180770874,9.859348052501678,1.5387406508814576,1.0,121.0,92.224,11.643187879614414,76.5,0.3,23.200000000000003
mistral_mistral-large-2411,0.0963855421686747,0.6915887850467289,0.40007355573292286,0.09117151921811656,0.0,0.4307692307692308,0.13388858521811092,0.07124960647022859,0.06557377049180327,0.5076923076923078,0.2589543619738732,0.07431957002180506,0.806704580783844,0.9212175607681274,0.8700493401885032,0.01797829913343326,0.7913268804550171,0.9445664286613464,0.8866897492408753,0.02216892822369441,0.8062458634376526,0.9279987812042236,0.8781649609208106,0.01723723182179962,0.47484803199768066,0.7681704759597778,0.6405559930205346,0.04542577221076915,0.42463400959968567,0.8655309677124023,0.6834120768010616,0.05865063169293881,0.479155957698822,0.7924692034721375,0.6604810174107552,0.047129655141347426,0.03416856492027334,0.5934779123920086,0.27378423152383696,0.09876812149086296,0.006796936596986915,0.6622315357910016,0.3847929324433831,0.08956904965506503,0.140092670917511,0.9859241247177124,0.9070540942549705,0.07430648608698438,0.00037735371734015644,0.995064914226532,0.8708530872515694,0.17436030289813093,0.944251298904419,23.550527334213257,2.8456380386352538,1.4319250858614472,12.0,112.0,68.327,15.99950221100644,98.8,0.3,0.8999999999999999
ollama_gemma3:270M,0.0,0.6779661016949153,0.3544569386130845,0.0924999568841569,0.0,0.43103448275862066,0.12211898622800095,0.0698206862816894,0.0,0.5084745762711864,0.23207680293170965,0.07277086602059776,0.0,0.9242215156555176,0.8544238049387932,0.07529491470342622,0.0,0.946751594543457,0.8735925942659378,0.07673001247786393,0.0,0.9245638251304626,0.8637442209720612,0.07510299678246521,0.0,0.7458425760269165,0.6068441261947155,0.06950225394984925,0.0,0.8376339673995972,0.6619476822912693,0.08155279642055516,0.0,0.7873392105102539,0.6322649099230766,0.07139891588841837,0.0,0.6617489880975078,0.27299784048316594,0.10052061103935696,0.0,0.6552701232851041,0.33380915938318206,0.09340436467945329,-0.06536347419023514,0.9944126009941101,0.8879494282184168,0.12619208674888235,0.0005460911197587848,0.9950425028800964,0.8284702613289119,0.21525744584987663,0.1269237995147705,2.378037452697754,0.6271842555999756,0.19819524092644045,0.0,252.0,87.327,30.802533515930147,72.1,1.7000000000000002,26.200000000000003
ollama_gemma3:1b,0.0,0.619718309859155,0.3682846452782529,0.08326093137712903,0.0,0.3333333333333333,0.10621161475857896,0.06038198190237623,0.0,0.4578313253012048,0.23129356823650069,0.06233256668334549,0.0,0.9219841957092285,0.8648777359724045,0.06927703564524895,0.0,0.9458547830581665,0.8735401213169098,0.07068836441971664,0.0,0.9246861338615417,0.8691024730801582,0.06944935146122547,0.0,0.7790370583534241,0.6351939689218998,0.06432969595437846,0.0,0.8108087778091431,0.6595366783440113,0.07217255432496618,0.0,0.7661620378494263,0.646634829133749,0.06597371512334894,0.0,0.5342363645710173,0.23204177329111725,0.080103522112882,0.0,0.6196335465951097,0.39218139691231724,0.08306645170499673,-0.03114265576004982,0.9804514646530151,0.8895658400738612,0.10855380199224206,0.0010624771239235997,0.9957953691482544,0.8268396093897754,0.19467172991615048,0.15661144256591797,1.8274056911468506,0.8498618178367615,0.1560006887131099,0.0,114.0,62.566,12.1296184606112,98.1,1.2,0.7000000000000001
ollama_granite3.3:2b,0.12403100775193798,0.6,0.3805192425103963,0.07210813562589066,0.0,0.34177215189873417,0.12490474853444178,0.05964036098270703,0.0930232558139535,0.5,0.23716365280530038,0.058712847192236184,0.8003807067871094,0.9144788384437561,0.8576991167068482,0.016423674254830906,0.8101085424423218,0.9379175901412964,0.8888669596910477,0.01868082080932444,0.8256824612617493,0.9157192707061768,0.8729087820053101,0.015002933513013898,0.483659029006958,0.7782683968544006,0.6147874106764794,0.039171249804379894,0.5059707164764404,0.8477123379707336,0.6926855813860894,0.047172325693068944,0.5244843363761902,0.7842326164245605,0.6508748846650123,0.038743525481993134,0.0596252129471891,0.5640675365703424,0.29190425791997565,0.08702029673550314,0.16332814342310195,0.605887549679323,0.3292255378348684,0.07246741171837598,0.8026854395866394,0.9875224828720093,0.9430719464421272,0.028946276910940625,0.0006026863120496273,0.9959863424301147,0.877755778135499,0.16385251527495853,0.9364943504333496,4.993895053863525,2.121846833705902,0.5437901329355705,43.0,169.0,91.169,17.742447379096266,71.8,0.0,28.199999999999996
ollama_granite3.3:8b,0.13114754098360656,0.7027027027027026,0.3938355143492141,0.07860378474964518,0.0,0.3356643356643357,0.12845512844067383,0.06410224487540786,0.09375,0.46357615894039733,0.24993559411020233,0.06412578785892924,0.7990590929985046,0.9239014387130737,0.8658804115653038,0.017265146448295566,0.8106350302696228,0.9331595301628113,0.8880200018882751,0.019148215711846744,0.8280426263809204,0.9192529916763306,0.8767143845558166,0.015758121382626097,0.49948248267173767,0.786373496055603,0.6327971821129322,0.0427939767203663,0.48492705821990967,0.8342241048812866,0.6877646743059158,0.0498397346632198,0.4967336356639862,0.7813807129859924,0.6585545674264431,0.04192583156570728,0.05172413793103449,0.551816552990951,0.2699786898240494,0.09075533769776895,0.17917876823557416,0.6368412595300462,0.3765277143537333,0.07674589336781903,0.7640351057052612,0.9830739498138428,0.9271193437576294,0.03478659405539725,0.00043061107862740755,0.9973406791687012,0.8710335510752047,0.18978969915168736,1.5503203868865967,7.654458522796631,3.80984428524971,0.9374574554624524,32.0,131.0,72.886,15.949138033135208,94.3,0.0,5.7
ollama_llama3.1:8b,0.0923076923076923,0.6463414634146342,0.38144629877335495,0.08061188589464739,0.0,0.35526315789473684,0.119931580009844,0.06554829927663104,0.08695652173913043,0.45833333333333337,0.23975000891831946,0.06434452511877853,0.8085862398147583,0.9250341653823853,0.8675292936563492,0.016013845922441924,0.8074007034301758,0.9367950558662415,0.8821914229989052,0.020469902665064918,0.8260325193405151,0.9242883920669556,0.8747078379392624,0.01604160617800919,0.5177975296974182,0.7818132638931274,0.6332219434380532,0.04039397945092576,0.4329396188259125,0.8157843947410583,0.6753780457675457,0.05171801623209041,0.47872376441955566,0.7792404890060425,0.6531096287369728,0.04229706172144591,0.036585365853658534,0.5713713969948885,0.2690244154232619,0.08830049400150501,0.07255435507771102,0.6471456879919406,0.3697279358131842,0.07481462417693553,0.5966503620147705,0.9868320226669312,0.9146423615217208,0.041587335974861084,0.0008413950563408434,0.9954971671104431,0.857971606959647,0.16837585845551106,1.321042776107788,4.461946725845337,2.7326363837718963,0.5333391425842123,14.0,98.0,74.343,10.034707320096585,99.9,0.1,0.0
ollama_mistral-nemo:12b,0.0,0.661290322580645,0.3970437682460393,0.09780180858073934,0.0,0.42857142857142855,0.13218366351996,0.07219680004032042,0.0,0.5,0.255821456099262,0.07729218835948186,0.0,0.9215042591094971,0.8548551757335663,0.10002790126520086,0.0,0.9432096481323242,0.8754538050293923,0.10234458170631075,0.0,0.9241372346878052,0.8649116131663322,0.1006429222961477,0.0,0.7951369285583496,0.6306096583008766,0.08636509504899333,0.0,0.8606398105621338,0.675287246197462,0.09358785870491847,0.0,0.7906032204627991,0.6513329528570175,0.08670785204239881,0.0,0.6257889753839679,0.2670200472733669,0.10373639808640817,0.0,0.6424294632579192,0.38829628530862,0.10279004515697819,-0.08687096834182739,0.9822132587432861,0.9029620725307613,0.11537346257883783,0.0005294207367114723,0.9970409274101257,0.8397819202273386,0.21531076754791822,0.7227649688720703,7.41530966758728,2.931647973775864,0.9261092503554786,0.0,144.0,65.082,21.394515091490153,93.5,1.5,5.0
ollama_mistral-small3.2:24b,0.0,0.6842105263157895,0.4133611928585233,0.08670416204676339,0.0,0.41999999999999993,0.14094352622597253,0.07313765360737481,0.0,0.5795454545454546,0.2666721926167528,0.07526252566635408,0.0,0.9378030896186829,0.8693695088624954,0.051039064310165666,0.0,0.9371256828308105,0.8863789076209069,0.052624977146973624,0.0,0.9372175931930542,0.8776923996806145,0.050982409706104084,0.0,0.8498868346214294,0.6431924953460694,0.05753710094199817,0.0,0.8531838059425354,0.6866965767145157,0.06360530185057467,0.0,0.8416436314582825,0.663653881072998,0.057296816632068134,0.0,0.6202182546111777,0.27686487098547713,0.09380775401654055,0.0,0.7294342590891908,0.40820254824944047,0.08167688468343705,-0.055436260998249054,0.9844388961791992,0.9143437369763852,0.06455390499668807,0.00043355231173336506,0.9957449436187744,0.8686727069995249,0.18950679384731442,2.4505279064178467,13.629839181900024,6.441516493320465,1.4900351312455957,0.0,126.0,64.662,13.285622153290376,98.9,0.3,0.8
anthropic_claude-opus-4-1-20250805,0.0,0.5497076023391813,0.3645237160991697,0.07522060800939603,0.0,0.3783783783783784,0.11957524182615223,0.058451509145362644,0.0,0.4699453551912568,0.23062389432516653,0.06078061850252251,0.7334674000740051,0.9067020416259766,0.8572149466276169,0.01717970978054597,0.7566449642181396,0.9408624768257141,0.8892481791973114,0.02040605041817892,0.7477813363075256,0.9124153852462769,0.872862234055996,0.01697075765447319,0.409883975982666,0.7410567402839661,0.6088167906999588,0.04145687328983066,0.31772878766059875,0.842501163482666,0.6915907959640026,0.05347690289290501,0.3579704463481903,0.7700183391571045,0.6471202604174614,0.044323570466028486,0.0,0.5664137271853743,0.29218650844959576,0.08578530285165586,7.580015016134447e-239,0.6369611557173186,0.30037542041138693,0.06685251391517696,0.00195480789989233,0.9886800646781921,0.9365955190137029,0.06478172809672135,0.0007647344609722495,0.9971173405647278,0.8178960254530538,0.19697267489000486,3.708479404449463,171.738915681839,5.894948878049851,6.228395566521125,1.0,125.0,97.751,11.920444580635406,57.3,0.4,42.3
mistral_mistral-medium-2505,0.0,0.6744186046511629,0.40544353413213535,0.08486354228329644,0.0,0.3870967741935483,0.13755788004309075,0.06968388492783847,0.0,0.5465116279069767,0.25863295997554236,0.07047704965659024,0.7362823486328125,0.9271349906921387,0.8663288152813912,0.01903349782532902,0.7555029392242432,0.942211389541626,0.8902065185308456,0.020982526654514836,0.750580370426178,0.9252746105194092,0.8780215463638306,0.0180949917233224,0.39943772554397583,0.7848712205886841,0.6324094011187553,0.04525094591093247,0.32464903593063354,0.8345896005630493,0.6932283173799515,0.05572614709364409,0.36177030205726624,0.7969016432762146,0.6609354045689106,0.047261168704437494,0.0,0.582948548812665,0.28572859280600954,0.09203109273783845,6.798610414096889e-240,0.6623754250210541,0.3738727461320235,0.07686101073959954,-0.0061830622144043446,0.9843785762786865,0.925228458296042,0.06425317255919798,0.0004287137126084417,0.9941871166229248,0.865112318790605,0.1687149519506221,0.31118202209472656,16.790870428085327,2.4969190564155577,0.9820339405754112,1.0,100.0,74.468,10.800045185090662,99.6,0.4,0.0
mistral_magistral-medium-2509,0.0,0.676056338028169,0.39350902545361655,0.12257549816617422,0.0,0.4536082474226804,0.13854897706080951,0.08176116605578526,0.0,0.5813953488372092,0.26587338655635107,0.09608097210815952,0.7326715588569641,0.9432878494262695,0.874181311249733,0.03308881841044272,0.7496913075447083,0.9419407844543457,0.8800723977088928,0.030599649872214488,0.7447182536125183,0.9309070706367493,0.8769926769137383,0.030153451222766837,0.39389073848724365,0.8178938627243042,0.6518455319106579,0.06740157168570268,0.2842848002910614,0.8530681729316711,0.6621562130153179,0.08326174709647058,0.3368738889694214,0.83104407787323,0.6559437972009182,0.07197158322841347,0.0,0.6267124742465113,0.24832506740993357,0.11177488199069474,0.0,0.6566446253483109,0.41002385264318614,0.12680827990663485,-0.03707525506615639,0.9851927161216736,0.8572196280090139,0.1722623763515335,0.0004529583384282887,0.998228132724762,0.8470602015906479,0.21860717416691944,0.96,0.96,0.9600000000000004,4.440892098500626e-16,1.0,130.0,50.812,19.431949361811334,95.3,4.2,0.5
mistral_mistral-small-2506,0.0,0.6782608695652174,0.4130683765823707,0.08359626093139154,0.0,0.44943820224719105,0.13977638586090474,0.07039564923887681,0.0,0.5934065934065935,0.26482971588535476,0.0716617828254961,0.0,0.9287922382354736,0.8669351057410241,0.032830263473468985,0.0,0.9556101560592651,0.8888327304720879,0.0343665413733245,0.0,0.9398776888847351,0.8776476992964745,0.032274131523061834,0.0,0.8105907440185547,0.6383097853064537,0.049114567070521954,0.0,0.8449113368988037,0.690424710392952,0.05583357582128364,0.0,0.7997859716415405,0.6627728635072708,0.04863274555235552,0.0,0.6017287376404036,0.278190395132443,0.09283221297642551,0.0,0.6483070964413077,0.40057656673161385,0.07764938114245222,0.010335154831409454,0.983924388885498,0.9256328919604421,0.04461388511558646,0.0004751200904138386,0.9965609908103943,0.8617373678006115,0.1800848859144968,0.4407527446746826,7.210002899169922,1.103981437921524,0.51502070792624,0.0,112.0,67.063,12.001959465020702,99.3,0.1,0.6
