method,rouge1_min,rouge1_max,rouge1_mean,rouge1_std,rouge2_min,rouge2_max,rouge2_mean,rouge2_std,rougeL_min,rougeL_max,rougeL_mean,rougeL_std,roberta_precision_min,roberta_precision_max,roberta_precision_mean,roberta_precision_std,roberta_recall_min,roberta_recall_max,roberta_recall_mean,roberta_recall_std,roberta_f1_min,roberta_f1_max,roberta_f1_mean,roberta_f1_std,deberta_precision_min,deberta_precision_max,deberta_precision_mean,deberta_precision_std,deberta_recall_min,deberta_recall_max,deberta_recall_mean,deberta_recall_std,deberta_f1_min,deberta_f1_max,deberta_f1_mean,deberta_f1_std,meteor_min,meteor_max,meteor_mean,meteor_std,bleu_min,bleu_max,bleu_mean,bleu_std,content_coverage_min,content_coverage_max,content_coverage_mean,content_coverage_std,alignscore_min,alignscore_max,alignscore_mean,alignscore_std,summac_min,summac_max,summac_mean,summac_std,factcc_min,factcc_max,factcc_mean,factcc_std,minicheck_ft5_min,minicheck_ft5_max,minicheck_ft5_mean,minicheck_ft5_std,minicheck_7b_min,minicheck_7b_max,minicheck_7b_mean,minicheck_7b_std,exec_time_min,exec_time_max,exec_time_mean,exec_time_std,length_min,length_max,length_mean,length_std,length_within_bounds_pct,length_too_short_pct,length_too_long_pct
local:textrank,0.0,0.5904761904761905,0.2571800284002586,0.10596374627857286,0.0,0.3773584905660377,0.07580915596978775,0.07114203346277945,0.0,0.47761194029850745,0.18111399218074467,0.07894220919333765,0.7853671908378601,0.9504483938217163,0.8667168715000153,0.02527875370405309,0.7744002342224121,0.909418523311615,0.8429067068099976,0.02427580347523285,0.7850099205970764,0.9253532886505127,0.854462492287159,0.021388124568741746,0.4348413944244385,0.8617187142372131,0.6381877253353596,0.05560275274336278,0.3821747899055481,0.7355891466140747,0.5634185101985931,0.05617676270232957,0.4239291250705719,0.7499377727508545,0.5972653009295463,0.04951038747386538,0.0,0.4140957919034091,0.12012955960118196,0.07481774646596825,1.1301929225749457e-78,0.6370064599604247,0.2214947429188905,0.1324737745437929,0.2577027678489685,0.9892241954803467,0.7322021297812462,0.12448426776013849,0.04339687153697014,0.9995681643486023,0.9721535014435649,0.06639501260376622,-0.0107421875,0.992368221282959,0.7226878533363342,0.2547963368405054,0.009944720193743706,0.9999849796295166,0.997727583435364,0.044315773309123424,0.18960517644882202,0.9900750517845154,0.9634327973723411,0.057218675256651697,0.0,1.0,0.999,0.03160696125855822,1.5497207641601562e-05,0.004940986633300781,0.001577462911605835,0.00033350712366051995,6.0,76.0,24.81,9.617270922668238,91.3,8.7,0.0
local:frequency,0.0,0.7555555555555555,0.2778624888196382,0.10681296064323849,0.0,0.6818181818181818,0.08845839069455712,0.0824687286277566,0.0,0.7555555555555555,0.19870859177747074,0.0855941918860497,0.7932153940200806,0.9504484534263611,0.874261552453041,0.025419460894074618,0.7743586301803589,0.9305534362792969,0.8477133563160897,0.023943079960034495,0.795884370803833,0.9377739429473877,0.8606110943555831,0.02151673330050545,0.4487519860267639,0.8621164560317993,0.6473774076402188,0.057477756466165944,0.3821748197078705,0.826885998249054,0.5719658265709877,0.05565710168723587,0.4239291548728943,0.8282442092895508,0.6061604139506817,0.050259295661518405,0.0,0.6306188925081434,0.13353962875129718,0.0827266253110734,0.0003561526699483702,0.7538203973965255,0.2197491332733261,0.13294418965719085,0.20271258056163788,0.9859619140625,0.732533094316721,0.12122469228364696,0.05590411648154259,0.9991341233253479,0.9735416147150099,0.05623418904229991,-0.00244140625,0.992368221282959,0.6951842303276062,0.2630606248287893,0.0007675213273614645,0.9999849796295166,0.9968152364285197,0.05379169007431876,0.18960517644882202,0.9902713894844055,0.9649095826670527,0.053172863055271434,0.0,1.0,0.9973333333333334,0.0440151489073175,1.811981201171875e-05,0.002612590789794922,0.001131727695465088,0.0002978293749648452,6.0,66.0,23.85,8.477352180958391,93.60000000000001,6.4,0.0
huggingface_facebook/bart-large-cnn,0.02631578947368421,0.6352941176470588,0.31552087413695334,0.09968706872436443,0.0,0.4415584415584415,0.09774859919896943,0.07649558625894826,0.02631578947368421,0.5063291139240507,0.2100603595941958,0.0787985469791058,0.7843353748321533,0.9493620991706848,0.8642790751457214,0.02411807115669155,0.7683676481246948,0.9183381199836731,0.8563381059169769,0.02299014536278808,0.7985994815826416,0.9235836863517761,0.8601503058671951,0.020853389928553494,0.472299724817276,0.8262851238250732,0.6361526532173156,0.05484971719994943,0.4309653639793396,0.7649662494659424,0.6037320713698864,0.05357472104335729,0.45416200160980225,0.7722808122634888,0.618665889531374,0.04896993010044575,0.0,0.5238589211618258,0.16804359613024153,0.08373252771451403,0.006138137551045913,0.6261181010052054,0.3486205716108469,0.11435751693292973,0.4827307462692261,0.9932049512863159,0.8452247186303139,0.0760970163639577,0.03227030113339424,0.9970777034759521,0.968871009040624,0.056551046781364134,-0.17702484130859375,0.993858814239502,0.675917887210846,0.20993697703022804,9.405014861840755e-05,0.9999852180480957,0.9507224776583898,0.20033548202300905,0.5025139525532722,0.9884555637836456,0.9638490265391767,0.041919115875298174,0.0,1.0,0.9853000000000001,0.10036886967581134,0.5270059013366699,0.5270059013366699,0.52700590133667,1.1102230246251565e-16,10.0,85.0,35.858,10.574584436279281,97.89999999999999,2.1,0.0
huggingface_facebook/bart-base,0.07547169811320754,0.6174496644295302,0.32323591310410277,0.07433876776262346,0.0,0.3655913978494624,0.10238294790131387,0.059502798109500675,0.06289308176100629,0.41935483870967744,0.1873763811547878,0.04863441435004349,0.7685126066207886,0.8834584951400757,0.8330344747900963,0.016049899648264428,0.7911507487297058,0.9276562929153442,0.8680160351991654,0.019662322010211744,0.7921003103256226,0.9005742073059082,0.8500751096606255,0.015585734902870142,0.4194020628929138,0.689154863357544,0.5581118733286857,0.0356547833522766,0.48165473341941833,0.8108960390090942,0.6340931620299816,0.046700003995630186,0.44837796688079834,0.724953830242157,0.5932482833266258,0.03745439754818594,0.04960317460317461,0.6088737201365187,0.24470332607597373,0.0822409961055182,0.1454446436972265,0.6486795794900565,0.2955006560232247,0.06372839783394407,0.7347773909568787,0.9976511597633362,0.940195081114769,0.03397747041531336,0.06736328452825546,0.9876773357391357,0.729496947221458,0.19028323584241733,-0.622467041015625,0.9523366292317709,0.3769123935608637,0.29121374912358255,1.1870886737597175e-05,0.9999641180038452,0.7631137365438936,0.38637064800749926,0.053796228021383286,0.9801737467447916,0.7832868905223995,0.18654504033543115,0.0,1.0,0.6474166666666666,0.2849820356254964,0.5054870254993439,0.5054870254993439,0.5054870254993438,1.1102230246251565e-16,34.0,133.0,95.785,13.987450625471391,62.5,0.0,37.5
huggingface_google-t5/t5-base,0.05555555555555555,0.6582278481012659,0.30456028305045607,0.09841022046005383,0.0,0.49350649350649345,0.0971175458788502,0.07898195923193771,0.04878048780487805,0.5822784810126581,0.21245856671851443,0.08154432246037108,0.7923278212547302,0.9417355060577393,0.8683571481704712,0.02366149878680452,0.7821872234344482,0.9173211455345154,0.8517905751466751,0.021392348253514003,0.804803192615509,0.9264910817146301,0.8598643416166305,0.0199058567639082,0.47656434774398804,0.8336476683616638,0.6416209535598755,0.05418996053153022,0.38873010873794556,0.7753776907920837,0.590482856452465,0.05103520042909912,0.45445072650909424,0.7971958518028259,0.614273906737566,0.048229726702722645,0.010706638115631693,0.5078504964486943,0.14989027791133655,0.07616653762699273,0.0012124247163209261,0.6368255188440861,0.2991432013403695,0.11417073031253903,0.38273316621780396,0.9762997627258301,0.8014021598994732,0.08694940816695619,0.11381813883781433,0.9986170530319214,0.9093978139460087,0.11225417368131088,-0.9295883178710938,0.9918594360351562,0.5894806551933288,0.2542427633769222,1.1965109479206149e-05,0.9999814033508301,0.8494621225227938,0.3308130756028852,0.19693242758512497,0.9872890412807465,0.9535687399332723,0.0717580659243351,0.0,1.0,0.9754166666666666,0.11061617196413914,0.3825006847381592,0.3825006847381592,0.3825006847381592,0.0,9.0,57.0,28.466,6.9900532186815285,97.8,2.1999999999999997,0.0
huggingface_google-t5/t5-large,0.030303030303030307,0.6666666666666666,0.31294269972666644,0.10335568994637301,0.0,0.4634146341463415,0.10248645336342826,0.08163282264225401,0.027777777777777776,0.5396825396825397,0.2137704220058894,0.08501249854757074,0.7826133966445923,0.9415901899337769,0.8675443143248558,0.023352408489680548,0.7686486840248108,0.9205191731452942,0.8539655466675758,0.021910427007512123,0.8040347695350647,0.9264909625053406,0.8605712106227875,0.02003193569787079,0.48213595151901245,0.8336477279663086,0.6413430504798889,0.05240817712415965,0.3452468812465668,0.8031502962112427,0.5970313917100429,0.051304958880049815,0.4132934510707855,0.7971957921981812,0.6176605617105961,0.04752027976759929,0.01231527093596059,0.5198717683367139,0.16223573687507842,0.08421850082693123,0.012581616800300004,0.6589029870818096,0.3348958580541924,0.1134197545921709,0.45722460746765137,0.977636992931366,0.8287238575816155,0.07754490622520292,0.020646965131163597,0.9970647692680359,0.8997954498585313,0.12203844396676272,-0.624542236328125,0.9948816299438477,0.6192244019508362,0.2423119437768386,1.581178730702959e-05,0.9999827146530151,0.8578692318949798,0.3260550258171244,0.5393137708306313,0.9877803325653076,0.9589001457790535,0.05481785485875784,0.0,1.0,0.9793333333333333,0.10187465064698109,0.8636142697334289,0.8636142697334289,0.8636142697334287,2.220446049250313e-16,10.0,60.0,31.547,7.7755894310335085,98.8,1.2,0.0
huggingface_csebuetnlp/mT5_multilingual_XLSum,0.0,0.5135135135135135,0.19402797396303675,0.08141079858326772,0.0,0.3255813953488372,0.04226421484528963,0.0457011977044438,0.0,0.40540540540540543,0.1408671599347714,0.05910322523205928,0.795956552028656,0.9259108304977417,0.8593551094532013,0.022094526876829,0.7509751319885254,0.896124005317688,0.8226522201895714,0.021698938447801425,0.7812504172325134,0.8983352184295654,0.8404986595511437,0.019799637366025795,0.47456640005111694,0.7964049577713013,0.6241888489127159,0.04908045650730797,0.33519041538238525,0.6840261220932007,0.5099971769750118,0.05261028995864153,0.42992278933525085,0.7056787610054016,0.5605827556550502,0.04797896396223784,0.0,0.28780395136778114,0.08531856417403225,0.049541711682661096,1.1622275951579881e-78,0.3991340209725552,0.10121629136739288,0.07144409935373434,0.042516402900218964,0.9563400745391846,0.6251545928195119,0.15158038133973767,0.0003832838265225291,0.9978285431861877,0.35732782535004665,0.3621322779317412,-0.98065185546875,0.926544189453125,-0.1959496638774872,0.3035118969924721,2.7767691790359095e-05,0.9999626874923706,0.7235858073282289,0.40097666795715947,0.003999920561909676,0.9867070317268372,0.3577632907324005,0.38271044742920934,0.0,1.0,0.141,0.3385542792522345,0.30039346385002136,0.30039346385002136,0.3003934638500213,5.551115123125783e-17,12.0,36.0,20.683,3.9406231740677766,97.7,2.3,0.0
huggingface_google/pegasus-xsum,0.0,0.5573770491803279,0.24481473971985673,0.09113599292764578,0.0,0.4727272727272728,0.07003434063424165,0.0664381440732443,0.0,0.456140350877193,0.17701426161378517,0.0713946465669327,0.7670784592628479,0.9454637169837952,0.8744995215535164,0.024924404027689404,0.7637944221496582,0.908784031867981,0.8402217394709587,0.021918260087710573,0.7691128253936768,0.9192008376121521,0.8568833460211753,0.020807666949617543,0.4867810010910034,0.8265151381492615,0.660447414547205,0.05678413481170427,0.37545156478881836,0.7245225310325623,0.5547514523863792,0.050619438985517344,0.44138842821121216,0.7487059235572815,0.6021769979894162,0.048816415991043756,0.0,0.3794248935949341,0.10904019169784297,0.06122580168743529,9.90295256670422e-79,0.5293817567464958,0.1526554592601231,0.09599951322716896,0.20326991379261017,0.9774750471115112,0.7675130191296339,0.1051090965717018,0.000420861120801419,0.9983445405960083,0.7456541101054754,0.34565578151520804,-0.9840240478515625,0.9845733642578125,0.23096896982192994,0.4615396835486946,8.77347065397771e-06,0.9999845027923584,0.7752500067811843,0.39498640853120676,0.006629609502851963,0.9930850267410278,0.8114401995623485,0.32198307200773946,0.0,1.0,0.76,0.4270831300812524,0.33774852418899537,0.33774852418899537,0.3377485241889954,5.551115123125783e-17,7.0,56.0,19.915,5.381057052290005,88.9,11.1,0.0
huggingface_google/pegasus-large,0.07317073170731707,0.5904761904761905,0.31258721106800996,0.09209781669585719,0.0,0.41791044776119407,0.09973951906802289,0.07306102798507877,0.051948051948051945,0.5,0.20781148077913475,0.0701511892435972,0.7795028686523438,0.934267520904541,0.8654415905475616,0.023187757093804766,0.7741498947143555,0.9207122325897217,0.8559984447956085,0.02007041049945954,0.7982955574989319,0.918858528137207,0.8605373433232307,0.01832538642294052,0.4690350592136383,0.8238046765327454,0.6317802867293358,0.05298831961261102,0.41404950618743896,0.7975664138793945,0.5912040785551071,0.04610877870147162,0.46586447954177856,0.8011206388473511,0.6099641324579715,0.04386746319902678,0.010683760683760684,0.4920107577914886,0.15990034984047566,0.07577495473157839,0.023856500461400518,0.6116933056489965,0.3240098252068426,0.1118910024539385,0.15673348307609558,0.9963936805725098,0.8020613056719303,0.11235855292712889,0.0006559103494510055,0.9991341233253479,0.8930450178332394,0.1515396945873976,-0.52532958984375,0.9885826110839844,0.7144642473856607,0.2477832673973406,9.952879918273538e-05,0.9999856948852539,0.977988925594269,0.1337855234450697,0.02843056619167328,0.9900021851062775,0.9244317660356562,0.11725085724825143,0.0,1.0,0.9436666666666667,0.22532421086070623,0.7681971638202667,0.7681971638202667,0.7681971638202666,1.1102230246251565e-16,11.0,104.0,32.628,11.414622902225021,98.8,1.0999999999999999,0.1
huggingface_google/pegasus-cnn_dailymail,0.05555555555555555,0.6756756756756757,0.3013740856740745,0.09944372507237033,0.0,0.5,0.09984816723084423,0.07847840766986017,0.030303030303030304,0.5675675675675675,0.20947993020174918,0.0809005177779014,0.793056070804596,0.9544420838356018,0.8733321568369865,0.026231950421111927,0.7548102140426636,0.9210858345031738,0.8535232610702514,0.021839719887528062,0.7966893315315247,0.9339407086372375,0.8631481368541718,0.02092205755676208,0.46373945474624634,0.8423959016799927,0.6567737060785294,0.058646866482940485,0.37812429666519165,0.7495692372322083,0.5917119891941547,0.050688386347313014,0.4227370023727417,0.7735812664031982,0.6214751808643341,0.04791213217982638,0.011655011655011656,0.4921506996397893,0.1470640673493107,0.0760907127348125,0.003354019936112151,0.5771166816244089,0.27528133168405305,0.1260619980014616,0.42680448293685913,0.9837950468063354,0.8243978899121285,0.08080240276150676,0.004729028325527906,0.9980210065841675,0.9387161053023301,0.13936204523628312,-0.63958740234375,0.9923629760742188,0.6212209264437358,0.25826194509703226,1.4026270946487784e-05,0.9999845027923584,0.9069471446244607,0.2720653248367626,0.027526402845978737,0.9888521134853363,0.9533763815499842,0.1011723989418544,0.0,1.0,0.9548333333333333,0.1786958154083202,0.5318147778511048,0.5318147778511048,0.531814777851105,2.220446049250313e-16,8.0,72.0,26.953,8.971108682877496,91.4,8.6,0.0
huggingface_AlgorithmicResearchGroup/led_large_16384_arxiv_summarization,0.07692307692307693,0.6666666666666666,0.3459262298177363,0.0882996339646914,0.0,0.5033112582781456,0.11364433199164944,0.07301564444501579,0.07692307692307693,0.578512396694215,0.22013881980548858,0.07014719902192854,0.7751439809799194,0.9505534768104553,0.8493022786974906,0.021904751045683693,0.7868705987930298,0.9449303150177002,0.871276427745819,0.024150039963077515,0.7883464097976685,0.9245429039001465,0.8599313770532608,0.018513645677849237,0.46294966340065,0.8182978630065918,0.6034490367770196,0.04954489595648731,0.4094475507736206,0.8400333523750305,0.6450984592735768,0.06266410754976814,0.4821249544620514,0.821183443069458,0.6218726060986519,0.04574020155583896,0.031446540880503145,0.7345179706885857,0.24848747607469912,0.10949019071984933,1.0880258671872152e-83,0.6453559726822123,0.325767935882732,0.08876333351659169,0.2564769685268402,0.9976904392242432,0.9076664971411228,0.08728492554381008,0.0003495256241876632,0.9989653825759888,0.8509339751274383,0.1800315710198468,-0.938812255859375,0.9918017387390137,0.42589681902840026,0.35333239660519045,1.55549896589946e-05,0.9999805688858032,0.8576988896540333,0.3291894502637011,0.031177055090665817,0.9871533215045929,0.8975591364364051,0.15272371951282984,0.0,1.0,0.8561583333333334,0.2598957172228552,8.434251685142517,8.434251685142517,8.434251685142513,3.552713678800501e-15,6.0,141.0,74.479,29.04901993183247,79.3,0.4,20.3
huggingface_google/pegasus-pubmed,0.0,0.5526315789473685,0.2581762851727227,0.0857561632054678,0.0,0.2272727272727273,0.047209768755550864,0.04284420010744015,0.0,0.37037037037037035,0.15988018837509033,0.052527370380694056,0.7468793392181396,0.9055701494216919,0.8385268290042878,0.022406049707840922,0.7634824514389038,0.9138574600219727,0.8423953885436058,0.020587163973505893,0.7603827714920044,0.8981214165687561,0.8403345248103142,0.019002139600642363,0.3687286376953125,0.7077346444129944,0.5702599460184574,0.04634211240226507,0.3449244499206543,0.7483462691307068,0.579906534999609,0.04648117852974351,0.36902835965156555,0.7037539482116699,0.5743977942168713,0.042133289804908935,0.0,0.3968,0.15474932973331176,0.06176798156639952,2.1454205905019665e-79,0.6010595836306004,0.33083830261345964,0.08797909200877829,-0.021046120673418045,0.9693562984466553,0.7354338670037687,0.14093006001328592,0.0009794282959774137,0.9906629323959351,0.15951953929138835,0.18860876467132323,-0.9820919036865234,0.9592361450195312,-0.12034001728693644,0.27879339814286347,1.1500925211294089e-05,0.9999182224273682,0.35019510406318843,0.4258162067685391,0.00866760453209281,0.9860304296016693,0.37490000572639215,0.2929766410757284,0.0,1.0,0.24013333333333334,0.30572206695333953,1.014858183145523,1.014858183145523,1.0148581831455235,4.440892098500626e-16,4.0,108.0,65.123,17.274080901744092,99.3,0.2,0.5
huggingface_google/bigbird-pegasus-large-pubmed,0.0,0.4615384615384615,0.2138652169895039,0.07512222818449536,0.0,0.17999999999999997,0.030231139703944292,0.031262123400706776,0.0,0.31372549019607837,0.13453168211661204,0.04409311268294115,0.7514618635177612,0.8870729207992554,0.8302126250863076,0.020772755782617752,0.7600363492965698,0.8995304703712463,0.8328074433803558,0.020249968156163478,0.776348352432251,0.8920685648918152,0.8313947585225105,0.01809375750268742,0.404127299785614,0.7051832675933838,0.5480722936987877,0.04107588467752905,0.4240192174911499,0.7213074564933777,0.5614950304329396,0.042822814302985054,0.4395432472229004,0.6989076137542725,0.5541537321507931,0.03801130045721524,0.0,0.3858788350986545,0.13646816381430246,0.05461113542515245,0.08183608030427372,0.5138517641079673,0.2849290851291953,0.07676757703531573,0.07508571445941925,0.9676544666290283,0.6590230779349804,0.1600653535895135,0.00041048944694921374,0.9713824391365051,0.07886293589818524,0.11643234942091424,-0.8162841796875,0.94219970703125,-0.18887604134082794,0.2117414061141702,8.339960004377645e-06,0.9998823404312134,0.42284779377755966,0.4453279065288304,0.006037080194801092,0.9756410121917725,0.23841867248541787,0.23483196324975042,0.0,1.0,0.13843333333333332,0.22296135938269163,0.9080907926559448,0.9080907926559448,0.9080907926559446,2.220446049250313e-16,32.0,116.0,76.7,17.834909587659816,93.5,0.0,6.5
huggingface:completion_microsoft/biogpt,0.0,0.6875,0.22536456407608665,0.12556255402774405,0.0,0.5,0.06965440797563895,0.07618711806114556,0.0,0.5945945945945946,0.16685847679944496,0.09472289808014776,0.6930195093154907,0.9599258899688721,0.8515806951522827,0.049855918251889925,0.7498536109924316,0.9172141551971436,0.8342908859848976,0.030420042636066045,0.733747124671936,0.9201445579528809,0.8424842985272407,0.037577384522851705,0.2619044780731201,0.8491013646125793,0.6160270451903344,0.10148498623112964,0.30904310941696167,0.7572458982467651,0.5346785142421723,0.0787075997620561,0.2928663194179535,0.7806773781776428,0.5709690160453319,0.0846635337150029,0.0,0.5444214876033058,0.10371199784229856,0.07882559681196352,1.4823257380964558e-155,0.6482595426223073,0.15725667480146904,0.12527069470910918,-0.08747018128633499,0.9837949872016907,0.6635612653442658,0.24033091520209776,0.0013421784387901425,0.9986022114753723,0.7230624219807796,0.33472134789419494,-0.9330711364746094,0.9893474578857422,0.20832756185531617,0.4539961090721219,7.472570359823294e-06,0.9999827146530151,0.7530431320761208,0.39881365016821335,0.008130628615617752,0.9889715313911438,0.7689376545329578,0.3382399121444625,0.0,1.0,0.7125,0.4517673626989891,0.31043553352355957,3.417034387588501,0.9160066294670105,0.5170390692890589,3.0,127.0,27.111,21.82339751276139,77.2,20.599999999999998,2.1999999999999997
huggingface:chat_swiss-ai/Apertus-8B-Instruct-2509,0.0,0.661764705882353,0.38766190874602774,0.08734555529912139,0.0,0.4460431654676259,0.13408770678213144,0.07291560738920773,0.0,0.5,0.25046284236733235,0.07183063738238499,0.7402589321136475,0.9257581830024719,0.8679706375598908,0.019515957084784836,0.7649905681610107,0.9425262212753296,0.8840911408662796,0.022215562344518224,0.7524215579032898,0.9236039519309998,0.8758189566135407,0.01781517899449601,0.4144998788833618,0.788525402545929,0.6339681307673455,0.045143354629215045,0.3390323519706726,0.8608236312866211,0.6782124175131321,0.05629531908648973,0.3729870319366455,0.7918320298194885,0.6544858341217041,0.04511891077463404,0.0,0.617376210845088,0.2755713864166151,0.10314694065200443,1.1944830130517323e-238,0.6503839221585275,0.3723551550024569,0.0869581674996495,0.02632443979382515,0.9858438372612,0.9180058694966138,0.056414535040062073,0.012475283816456795,0.9949983954429626,0.8718580609969795,0.14817506121630508,-0.89019775390625,0.9454269409179688,0.3096318131810143,0.28462479630107423,1.1949794497922994e-05,0.9999634027481079,0.6973027144007301,0.4248451000269268,0.018038857728242874,0.988502303759257,0.9315743472212497,0.09972995328051168,0.0,1.0,0.9575499999999999,0.1299527595790956,11.059567213058472,45.43683934211731,34.115610014677046,8.203344954409383,1.0,117.0,73.22,19.140992659734238,92.9,0.6,6.5
huggingface:chat_Uni-SMART/SciLitLLM1.5-7B,0.08823529411764706,0.6666666666666666,0.34937746251491925,0.10965613354004376,0.0,0.5161290322580646,0.12866246849448626,0.09064175128439392,0.05194805194805195,0.65625,0.24849065045214616,0.09178847376723756,0.7973187565803528,0.9649874567985535,0.8815537927150726,0.02641461487662702,0.7766513824462891,0.9438233375549316,0.8655660004615784,0.024813077163524957,0.8152777552604675,0.947169303894043,0.8732200741171837,0.020579445452935486,0.48476725816726685,0.9097896218299866,0.6780070362687111,0.059830445138934756,0.3920133113861084,0.8496062755584717,0.6239066896736621,0.06415732623907189,0.45918092131614685,0.8590317964553833,0.6476863684356212,0.04999305425461401,0.02044989775051125,0.627761121610653,0.19732311432873664,0.10987554602807767,4.8495387866986246e-05,0.6860094024139773,0.29870607063799326,0.15668212074364773,0.3113113343715668,0.9896125197410583,0.844814137518406,0.08075674045948755,0.0005960266571491957,0.9985103011131287,0.9097940435393248,0.16831922219968987,-0.8551025390625,0.9925022125244141,0.4815198528925578,0.356510570455619,6.812999799876707e-06,0.999984622001648,0.7744039528387875,0.3966512320345899,0.014041566289961338,0.99031001329422,0.9528787410262972,0.10422984815193496,0.0,1.0,0.9709000000000001,0.1468024787862173,4.241689682006836,27.91504716873169,11.75249886059761,6.714406589556053,8.0,99.0,34.706,20.6780454588919,88.5,11.5,0.0
huggingface:chat_Uni-SMART/SciLitLLM1.5-14B,0.0,0.8113207547169812,0.38756156753242854,0.10918322623172852,0.0,0.6346153846153846,0.14344816144558797,0.09038392764739003,0.0,0.6530612244897959,0.2661109910974826,0.09154573525535281,0.7429313063621521,0.9544342756271362,0.8799341349601746,0.023978414758092915,0.7651365995407104,0.9508349895477295,0.8739310787916184,0.02442191057831536,0.7538705468177795,0.941445529460907,0.8767359825968742,0.020578393007456244,0.4293134808540344,0.8535085916519165,0.6684202788472176,0.05693057692154987,0.35677632689476013,0.8628642559051514,0.6481881170272827,0.06270184834155308,0.38969820737838745,0.8389041423797607,0.656689699947834,0.051629688737369187,0.0,0.6962238522140722,0.2372405607943808,0.11256247319609482,1.9486643708058485e-238,0.7960827325797781,0.3894754382967406,0.13729075203827804,-0.009444030001759529,0.9881031513214111,0.8455999093335121,0.08630576219753185,0.0009837066754698753,0.9981167912483215,0.8594633728279732,0.21754468788283163,-0.9838790893554688,0.9885673522949219,0.4240666873296102,0.3612785971118619,8.263475137937348e-06,0.999983549118042,0.6817734445533843,0.4407973914657776,0.01843308098614216,0.9890921115875244,0.9154151856618157,0.16873016340914135,0.0,1.0,0.9415666666666666,0.19817918659637293,34.555936098098755,233.83741450309753,119.8281441104412,49.047222929952696,1.0,106.0,43.001,17.219959320509442,95.89999999999999,3.9,0.2
huggingface:chat_aaditya/OpenBioLLM-Llama3-8B,0.0,0.6601941747572815,0.1991395499533879,0.14570850816781464,0.0,0.396039603960396,0.05089418594078971,0.06422246312780092,0.0,0.5825242718446603,0.13612589078074383,0.09961067155518157,0.6989995241165161,0.9220927357673645,0.8402221321463584,0.05635388274956486,0.7376935482025146,0.9395184516906738,0.8313844054341316,0.040872842155926355,0.735611081123352,0.9236841797828674,0.8353929466605187,0.04591425299804554,0.35951948165893555,0.7734390497207642,0.5870155099928379,0.0966229069173698,0.31242936849594116,0.8335873484611511,0.5296032719612122,0.11591454236272515,0.3491520583629608,0.7954066395759583,0.554702057749033,0.10203823859946483,0.0,0.553479488457067,0.10955019621363055,0.10492998809582439,0.0,0.6583400599045426,0.19555487625504742,0.1559112317011212,-0.12513689696788788,0.9719927310943604,0.5874693621359766,0.3153115085382701,0.0014822838129475713,0.9935257434844971,0.4605958759939531,0.33979213512740547,-0.978302001953125,0.93017578125,-0.13855764480772473,0.4270495586686353,1.3833860975864809e-05,0.9999430179595947,0.7469204422839494,0.4064539555904296,0.012438244186341763,0.986281156539917,0.5493516899402764,0.39216552962565004,0.0,1.0,0.5855107142857143,0.47614514629335325,5.873894691467285,39.18942213058472,14.905223209619523,10.7106645462479,1.0,107.0,30.893,27.10091420967197,76.9,22.7,0.4
huggingface:conversational_BioMistral/BioMistral-7B,0.0,0.7540983606557377,0.3696050587469956,0.09203487232456936,0.0,0.5166666666666666,0.12732979398167452,0.07731506653131992,0.0,0.512396694214876,0.2389628213567266,0.07339150765201982,0.7944598197937012,0.9263811111450195,0.8593730180263519,0.020169805365492247,0.7589960098266602,0.9450832009315491,0.8760644309520721,0.022529447253982704,0.7894474864006042,0.9256887435913086,0.8675231135487557,0.018926929395174697,0.4353357255458832,0.7684425115585327,0.6189102985858917,0.0471416772374377,0.37601450085639954,0.8372304439544678,0.6599815798699856,0.05547025171821453,0.40748339891433716,0.7838932275772095,0.6382288163900376,0.04768058421132246,0.0,0.7120873786407768,0.2625949848520022,0.10054554208464198,0.033240910153341414,0.6834924059265867,0.3809135520130971,0.08253133465317358,0.024589458480477333,0.9944538474082947,0.8879610214661807,0.08301726439177927,0.004474165849387646,0.9974336624145508,0.8419089616602287,0.16241056676952312,-0.52061767578125,0.9918642044067383,0.4162118807361239,0.2614719002969518,8.337766303156968e-06,0.9999663829803467,0.5203704930898885,0.47277041437373085,0.03278438141569495,0.9904354929924011,0.8978479532810881,0.13072837590545358,0.0,1.0,0.9064785714285715,0.16188412261654567,1.0140256881713867,5.978949785232544,5.4177081923484804,0.68119709230206,16.0,104.0,70.611,12.044653544207902,99.9,0.0,0.1
ollama_deepseek-r1:1.5b,0.0,0.6446280991735538,0.359838638979444,0.09322906613026263,0.0,0.3132530120481928,0.10655444054809035,0.0608921146104372,0.0,0.48,0.22805631265123,0.06743679004590733,0.7382494211196899,0.9493575692176819,0.8709060803055764,0.02487542773939698,0.7513295412063599,0.933854341506958,0.8749787693023682,0.024297665805428963,0.7487927675247192,0.9302688837051392,0.8727658828496933,0.02135902536453304,0.39943772554397583,0.8134665489196777,0.6389482433199882,0.053927406550218555,0.3249503970146179,0.8193330764770508,0.6491542576253414,0.06372489356438782,0.361770361661911,0.784203052520752,0.6425411555767059,0.05090873032324742,0.0,0.5563295054191431,0.2219768001102045,0.09154914680434961,3.413331222174232e-243,0.6762110156444332,0.36418834653906823,0.11312638765043745,-0.006183072924613953,0.9863089323043823,0.8750719978474081,0.11368657078779836,0.0017353567527607083,0.9965283274650574,0.8098083437894238,0.2056474973993869,-0.9540557861328125,0.936614990234375,0.20786447031384422,0.33610279047534747,6.84739234202425e-06,0.9999814033508301,0.6448897389933286,0.44509383169399364,0.017884332686662674,0.9873709082603455,0.8747106757305539,0.18336542725954894,0.0,1.0,0.8610249999999999,0.25915421716658743,1.2396223545074463,8.859894752502441,2.964780807495117,0.8273568612921017,1.0,138.0,56.594,24.113505842162393,93.4,3.3000000000000003,3.3000000000000003
ollama_deepseek-r1:8b,0.0,0.6153846153846154,0.36387588716842506,0.10880317929266115,0.0,0.3614457831325301,0.10700850495928145,0.0678737870721206,0.0,0.5277777777777778,0.23198225613314566,0.07982612449995784,0.7326715588569641,0.9304879903793335,0.8665091279149055,0.02417260919024898,0.7496912479400635,0.9377848505973816,0.8754720231890678,0.027232639768758348,0.744718611240387,0.9260294437408447,0.8708344694972038,0.02341583633326925,0.4046270251274109,0.8118595480918884,0.6371541834771633,0.05573662115955209,0.3110716938972473,0.8286345601081848,0.6499957581460476,0.07163839875366858,0.35696396231651306,0.8131983876228333,0.6425490654408932,0.059685036978092736,0.0,0.506050605060506,0.21472411035703445,0.09701958050663559,2.052385482246125e-242,0.6595193898849077,0.4027132042219345,0.10290315751403242,-0.010986767709255219,0.9858127236366272,0.8425165060330182,0.1374125190430721,0.0023666766937822104,0.9958042502403259,0.818419077316532,0.1976501048367236,-0.9468231201171875,0.9558067321777344,0.15449956556955974,0.3552235196283852,8.129778507282026e-06,0.9999517202377319,0.6127018741402844,0.45069697273361803,0.015093313530087471,0.9864493012428284,0.8890935922355391,0.1641159133091699,0.0,1.0,0.9392666666666667,0.1836491703705132,4.518438816070557,20.848257303237915,9.905097746372222,1.8241508236529145,1.0,97.0,49.186,15.00744495242278,98.1,1.9,0.0
ollama_deepseek-r1:14b,0.0,0.6495726495726495,0.38971384933992426,0.08839933320182294,0.0,0.3333333333333333,0.12137968757291989,0.0651211507047418,0.0,0.49382716049382713,0.24649860230661766,0.07108803316567824,0.736282467842102,0.93684983253479,0.8697862948179245,0.021243704745559724,0.7500975131988525,0.9344598650932312,0.8845167344212532,0.022387592135606517,0.7448241710662842,0.9235052466392517,0.8769885915517807,0.019696594719526207,0.3993268311023712,0.8292678594589233,0.6394743268787861,0.049056954117158026,0.2842848300933838,0.8184521198272705,0.6767121537923813,0.059498868320035474,0.3368739187717438,0.8000840544700623,0.6568724975585938,0.05037723302854177,0.0,0.6027027027027027,0.260092069146575,0.0922357087191784,3.0460101311641254e-240,0.67882491756511,0.3901977910093426,0.08708063685058862,-0.009443962946534157,0.9832340478897095,0.9038268289472908,0.0930610057145818,0.019708404317498207,0.9933706521987915,0.8646758781578392,0.15298801244981325,-0.941009521484375,0.9115457534790039,0.1883115566026597,0.3020285937112699,6.113815743447049e-06,0.9999560117721558,0.6638812425677137,0.43479841233393185,0.016057979315519333,0.9877153187990189,0.9184384200316366,0.12809655952269988,0.0,1.0,0.9632999999999999,0.1411000393731735,8.956230640411377,45.30651044845581,19.245906299591063,4.0740139250070175,1.0,121.0,65.031,15.343403761877612,98.2,0.8999999999999999,0.8999999999999999
ollama_gemma3:4b,0.0,0.6981132075471699,0.3885155189498795,0.08077735896646884,0.0,0.41739130434782606,0.12295684354921746,0.0647082305445345,0.0,0.5333333333333333,0.2437372120517847,0.06424509116950387,0.737991213798523,0.9228734374046326,0.8675912487506866,0.017410888009594602,0.75834059715271,0.9491716027259827,0.8866810382604599,0.020250266003457515,0.7483314275741577,0.9282371401786804,0.8769468569159508,0.01678291456923012,0.40722352266311646,0.7719547748565674,0.6324798019528389,0.041649857084686805,0.3379780054092407,0.8380969762802124,0.6832331982254982,0.051095977680160776,0.3693835437297821,0.7976561784744263,0.6564181781411171,0.04294132034079011,0.0,0.6123370154285731,0.2683712645890301,0.08549516160023665,1.231781760603195e-237,0.6442671920267754,0.366852295745532,0.07360310064529162,0.05491118133068085,0.9832943677902222,0.9188077939376235,0.052334063063350734,0.07652869820594788,0.9946495890617371,0.8643425277620554,0.13051073924760817,-0.75042724609375,0.920190175374349,0.17942251199086506,0.2673278846880099,7.680728231207468e-06,0.9999433755874634,0.6216560478736828,0.45008611270153637,0.020107273012399673,0.9871043711900711,0.9391961738964543,0.08162152316477882,0.0,1.0,0.9734333333333334,0.09712129300805028,0.19337844848632812,3.501980781555176,2.0088260560035707,0.3945797334879591,1.0,108.0,74.525,10.332926739312535,99.2,0.2,0.6
ollama_gemma3:12b,0.03333333333333333,0.6307692307692309,0.3821594157248926,0.07530362308104617,0.0,0.38461538461538464,0.1156697884685278,0.059517527106441544,0.03333333333333333,0.45762711864406785,0.239185659373296,0.06012556794371867,0.812822163105011,0.9192436933517456,0.8682946190834046,0.015767556759113517,0.8094732761383057,0.9310495853424072,0.8840253195166587,0.019447789001073326,0.8208237290382385,0.9182222485542297,0.8760088606476784,0.015571251982217623,0.5110118389129639,0.7756290435791016,0.6335642429590225,0.0403679520102707,0.4935970902442932,0.804348886013031,0.6782113677859306,0.04863529060220467,0.5021535158157349,0.7660865187644958,0.6546977802515029,0.04112919117631055,0.012626262626262628,0.5472380912594388,0.25462286650165245,0.08111303841109943,0.05421213981283293,0.6465975563444718,0.3706175486067299,0.0702626561330688,0.09937642514705658,0.9834067821502686,0.9160240927785634,0.04535879516863286,0.015852104872465134,0.9912797808647156,0.868812847442925,0.13670970872791421,-0.7689208984375,0.9294001261393229,0.10437496884663901,0.27650039429238427,1.1452984836068936e-05,0.9999639987945557,0.6286610213229332,0.4442517254937593,0.22185419127345085,0.9870053082704544,0.9228234967915496,0.09257938297831596,0.0,1.0,0.9856833333333332,0.06836405610162892,0.836747407913208,6.472907543182373,4.147376942157745,0.6591842260674257,18.0,108.0,71.797,8.194985722989394,99.9,0.0,0.1
ollama_llama3.2:1b,0.06349206349206349,0.6153846153846153,0.3727312317001021,0.07798585529502605,0.0,0.39062500000000006,0.11720356480295183,0.062274315766457325,0.06349206349206349,0.4296296296296297,0.23085106345396958,0.05861683030189519,0.8071362972259521,0.9141474366188049,0.8641322304010391,0.015746422415091176,0.8081802129745483,0.9379547834396362,0.8823629813194275,0.019469932760023775,0.8217741250991821,0.9147786498069763,0.8730587126612663,0.015201558856532016,0.5045138001441956,0.7475727796554565,0.6226882239580155,0.038645273968367075,0.48300760984420776,0.8165860176086426,0.6738895927965641,0.0485613698660292,0.5312206149101257,0.7579060196876526,0.6467771773934364,0.03969425425830032,0.013736263736263736,0.6151227814247507,0.27757259368055714,0.09066899190622528,0.052257279693988926,0.6465395258024955,0.34668407367461396,0.07394245156747482,0.4421132206916809,0.9854621291160583,0.9182963389158249,0.04337462326760101,0.03279891237616539,0.9923645257949829,0.8573535984493792,0.14609303498921397,-0.5659103393554688,0.9584598541259766,0.2585282504013606,0.2562292129214953,7.165361694205785e-06,0.999946117401123,0.6468156707613766,0.4462736495340294,0.1607166521716863,0.9879836440086365,0.9231092590576282,0.10277146898134784,0.2,1.0,0.9323380952380953,0.1389663672421849,0.4276883602142334,1.7051079273223877,0.8322546954154968,0.148486397368618,13.0,118.0,82.572,11.472088563117005,96.8,0.1,3.1
ollama_llama3.2:3b,0.14414414414414414,0.6099290780141844,0.3824829997508393,0.0782994029760578,0.0,0.3611111111111111,0.1269279848744869,0.06502807752133688,0.08888888888888888,0.4492753623188406,0.23885359463428577,0.06139470771951406,0.8189265727996826,0.925513744354248,0.8649458408951759,0.015495567061122735,0.8064999580383301,0.9327586889266968,0.885821088731289,0.02008159783610365,0.8266948461532593,0.915860116481781,0.875167927801609,0.01551172771324872,0.5114802122116089,0.7737070918083191,0.6248716458678245,0.03877922735187206,0.5077837705612183,0.8148419857025146,0.6838908795714378,0.05001855431935435,0.5329190492630005,0.7764356732368469,0.6525286839604377,0.04028352233258255,0.06557377049180328,0.5720862577848075,0.2888789598520423,0.09190007153907487,0.11229387224700112,0.6329393161590955,0.3406875701859275,0.07101172892208203,0.5311791300773621,0.9893721342086792,0.9290130066871644,0.036188994792879584,0.003511487040668726,0.992094874382019,0.860454552823212,0.1439328717035918,-0.6803741455078125,0.9463653564453125,0.26372790533474516,0.252067495929753,7.988442121131811e-06,0.9999403953552246,0.5527978451359767,0.46307488670158303,0.06231880560517311,0.9876940965652465,0.928225823842122,0.09569646681654366,0.0,1.0,0.9641559523809524,0.10914931522669202,0.5689573287963867,2.570899486541748,1.6855131084918975,0.25806024583572595,18.0,97.0,83.819,9.576546298118128,100.0,0.0,0.0
ollama_medllama2:7b,0.0,0.706896551724138,0.32642904621104774,0.1320709468828978,0.0,0.4347826086956522,0.10013206117264993,0.07166375397016853,0.0,0.5142857142857142,0.20792150041756016,0.09253002011766005,0.7268511056900024,0.9239058494567871,0.8563801298141479,0.041252390801922584,0.7326947450637817,0.9369505643844604,0.8658154065012932,0.03697967457492023,0.7351595163345337,0.9179144501686096,0.8609352260231972,0.037741902572852,0.379377543926239,0.7945637702941895,0.6134075871706008,0.07241916737837521,0.31104499101638794,0.854316771030426,0.6249754272699356,0.10245768949508471,0.341829776763916,0.7695149779319763,0.6179492456912994,0.0854824940783647,0.0,0.6431237162959402,0.22439481659448496,0.11538517013544428,3.591526388055532e-254,0.6314759323945731,0.3499533045474437,0.13778716196043178,-0.12513694167137146,0.9810044765472412,0.7984507681257091,0.2524371452290392,0.0005177016137167811,0.9943605661392212,0.7652103818666656,0.27641434076420146,-0.9501190185546875,0.9249801635742188,0.10812184418099267,0.415499529913079,1.1073633686464746e-05,0.9999327659606934,0.7023241547227581,0.4275055746759882,0.015425646677613258,0.9886666238307953,0.8165396456915405,0.2965898724179454,0.0,1.0,0.8390738095238095,0.32824550846360506,0.3310098648071289,6.274527072906494,1.9062955071926118,0.6823063165477569,1.0,176.0,60.084,26.583057461473462,85.8,9.700000000000001,4.5
ollama_mistral:7b,0.0784313725490196,0.6363636363636365,0.38127505652937776,0.07895027162283022,0.0,0.3495145631067962,0.13474309361094197,0.06667819575180668,0.0392156862745098,0.5333333333333333,0.24380340462525735,0.06545904494328374,0.8035866022109985,0.9293010830879211,0.858777404665947,0.01760229609764543,0.8012157678604126,0.9389450550079346,0.8877731039524078,0.019053327394385363,0.8238826394081116,0.9253214001655579,0.8729296902418137,0.015667216902735308,0.48810720443725586,0.7614086270332336,0.6178220597505569,0.04168183671191286,0.45661115646362305,0.8512908220291138,0.6908220412135124,0.04937331717500905,0.502140998840332,0.774728536605835,0.651653670668602,0.04070904158061187,0.0439882697947214,0.6433689402562532,0.3043558849395672,0.0945234425501165,0.13624487342209982,0.6402552977131163,0.32884658070825606,0.07928852239502669,0.41753309965133667,0.992987334728241,0.9409076625704765,0.037491640737849136,0.2514919936656952,0.9949370622634888,0.9132813997864723,0.11523015231731125,-0.5605112711588541,0.9781595865885416,0.33286971706511487,0.2548690670874564,7.5203479354968295e-06,0.9999485015869141,0.7051045884563073,0.4170492468147866,0.3635294511914253,0.9873778025309244,0.9469407597905076,0.07589708101883041,0.0,1.0,0.9827738095238095,0.08227697040045072,1.3125479221343994,8.707777261734009,3.9079722769260408,0.9862513196888689,17.0,214.0,94.693,21.718258470696956,61.4,0.0,38.6
ollama_PetrosStav/gemma3-tools:4b,0.09090909090909091,0.706896551724138,0.3913001762107317,0.08218512872737993,0.0,0.4536082474226804,0.12273328168164246,0.06625131845571855,0.08955223880597016,0.5689655172413792,0.2485050835583995,0.06525607363602537,0.8136405944824219,0.9311676025390625,0.8725941988825798,0.017649874276861464,0.8079927563667297,0.9500802159309387,0.88389755153656,0.019982881519816077,0.8260956406593323,0.934313952922821,0.8781204358935356,0.0166688961032263,0.4937351942062378,0.799714207649231,0.6447540827989579,0.04324823225589269,0.4812307357788086,0.8406131267547607,0.6761997477114201,0.04976915095321691,0.4874027669429779,0.806253969669342,0.659617749363184,0.04301041661583464,0.03731343283582089,0.6184631997864545,0.2521651193431851,0.0866912642025989,0.06964261514546911,0.6753150543125118,0.4031156833722047,0.07458835509081523,0.12330769002437592,0.9788297414779663,0.9064438708275556,0.04775874532151004,0.005480670370161533,0.9951574206352234,0.8730229635545984,0.12939930898152352,-0.6804771423339844,0.9004001617431641,0.2022112720489502,0.2833717077610495,6.655685410805745e-06,0.999969482421875,0.6354067723793991,0.4444334837900016,0.3883741796016693,0.9867918690045675,0.9423409226616224,0.07232537257838519,0.0,1.0,0.9745666666666666,0.09006683320981396,0.5815532207489014,3.3517608642578125,1.7889008021354675,0.3299642287191821,24.0,95.0,62.767,9.57437783879454,100.0,0.0,0.0
ollama_phi3:3.8b,0.07532956685499058,0.6122448979591837,0.3478792846315458,0.07521110665017305,0.0,0.2692307692307693,0.08484327759257053,0.04846386002445639,0.058380414312617694,0.39999999999999997,0.204870975911554,0.053655583172785834,0.7897330522537231,0.9148321747779846,0.8590417438149452,0.016433852609777692,0.7906787991523743,0.9287909269332886,0.8778788651823998,0.019597959541560774,0.8137476444244385,0.9154911041259766,0.8682493346929551,0.015223598212766996,0.37967827916145325,0.7523353099822998,0.6168574872910977,0.043517297997194615,0.47873592376708984,0.8011588454246521,0.6596775817871093,0.04941512307976479,0.4640989303588867,0.7724155187606812,0.6367442592978477,0.04063318920785302,0.054644808743169404,0.5545924355657755,0.2339041819739818,0.08234430848870132,0.0370704675470266,0.6592764163147613,0.353841770993759,0.07943474342250055,0.5680137276649475,0.9793633222579956,0.8940787232518196,0.05245194779212094,0.0027999384328722954,0.9932538866996765,0.757347893727012,0.21257339469382897,-0.806884765625,0.716552734375,0.024585959356739406,0.253341586536916,7.434555300278589e-06,0.9999676942825317,0.6016553888062317,0.44890247680921375,0.025255665183067322,0.9870209097862244,0.8239139272594569,0.18524406838415902,0.0,1.0,0.8661222943722944,0.23218689940088494,0.5488688945770264,21.685946941375732,1.8354924395084382,0.8205087082554209,21.0,988.0,73.304,36.183388232723594,90.4,0.0,9.6
ollama_phi4:14b,0.11347517730496454,0.6259541984732825,0.37985716371933803,0.07199245828234839,0.0,0.31901840490797545,0.12191353477323116,0.05757323898809799,0.0923076923076923,0.4444444444444444,0.23371367965579656,0.05704150932076248,0.8027933239936829,0.9170240163803101,0.8590764659047126,0.015955923089039373,0.8086835145950317,0.9372862577438354,0.8891829246282578,0.018435604923815126,0.8205021619796753,0.9177085161209106,0.8737796279788017,0.014745617187984643,0.5013508796691895,0.7837492227554321,0.6192643513083458,0.03901336633706844,0.48765212297439575,0.841690182685852,0.6942247171401977,0.047507153137735174,0.49867385625839233,0.7820737361907959,0.6541035575866699,0.03913844144729874,0.05617977528089887,0.6370214522078836,0.2957141116042716,0.08767327424842493,0.15748032957524097,0.6074474838447949,0.3245848460742146,0.07053368873756147,0.3203076720237732,0.9861321449279785,0.9425559224486351,0.034332020212064114,0.1687670201063156,0.9937772750854492,0.8915977673083544,0.12715877807444098,-0.51427001953125,0.9354120890299479,0.299789965234484,0.24868359415785393,7.818601261533331e-06,0.999962568283081,0.7203104650716469,0.41108515417474906,0.4062264934182167,0.9869412879149119,0.9401957654847454,0.07482478712928708,0.0,1.0,0.9842380952380951,0.08105216539204384,2.5924408435821533,12.168224334716797,5.970563571691513,1.2539867684785768,23.0,149.0,92.91,16.162360594913107,70.39999999999999,0.0,29.599999999999998
ollama_qwen3:4b,0.0,0.6875,0.378355646524201,0.12768262426915858,0.0,0.4675324675324675,0.12325797384194667,0.07460123035251912,0.0,0.6041666666666666,0.24871763046743803,0.0962955026016378,0.7260383367538452,0.9411787986755371,0.8666627015471459,0.03640712503789153,0.7496912479400635,0.9483904242515564,0.8764212891459465,0.032177841658541886,0.7447189688682556,0.9373059868812561,0.8714095841646194,0.033077391425091585,0.38945460319519043,0.822242021560669,0.64081818780303,0.07164167805960098,0.284284770488739,0.8568366765975952,0.6518323522210121,0.08774353075501207,0.3368738889694214,0.8280736207962036,0.6454621611535549,0.07770964895713164,0.0,0.5546419891207901,0.21645392026044175,0.09796214099456803,0.0,0.6966587283759365,0.4299763274423882,0.130581728625977,-0.037075117230415344,0.9701147079467773,0.8375021337438375,0.19762578570726144,0.00576814403757453,0.9940018653869629,0.8078086614389904,0.21798475648233456,-0.9602279663085938,0.882232666015625,0.04876295000712076,0.373637178118239,1.1563214684429113e-05,0.9999723434448242,0.5550438599148793,0.4574736529342948,0.012555580586194992,0.985308825969696,0.8617456981031846,0.23083767778898193,0.0,1.0,0.9183833333333333,0.24742473097893827,4.291109800338745,22.247567892074585,10.120765223503113,1.6753685107760445,1.0,78.0,42.411,12.847882276857927,94.19999999999999,5.800000000000001,0.0
ollama_qwen3:8b,0.0,0.6611570247933886,0.39333124856227025,0.09068229084705548,0.0,0.37500000000000006,0.12735365687621633,0.06505659165403302,0.0,0.5156249999999999,0.24562703256987722,0.07026801562839947,0.736282467842102,0.9214181900024414,0.8653414476513862,0.021108607413823366,0.7500975131988525,0.9372553825378418,0.8875964261293411,0.023168913376423496,0.7448241710662842,0.9205932021141052,0.8762352710366249,0.02025996536280862,0.41333580017089844,0.7762740850448608,0.6269074084758759,0.04835127205266032,0.2842848300933838,0.8453385233879089,0.6829117631316185,0.0613569679111219,0.3368739187717438,0.8006575107574463,0.6531029448509217,0.051647988534323154,0.0,0.6439393939393939,0.2641878109952485,0.09176909301048786,3.0460101311641254e-240,0.6488428235147515,0.3745237348641346,0.08485338000105158,-0.00944405049085617,0.9787640571594238,0.9023399393185974,0.09747572606316393,0.0008325906819663942,0.9932091236114502,0.8369348012294504,0.19138176280154084,-0.941009521484375,0.836383056640625,0.1559684735434396,0.30003768650712015,1.0807401849888265e-05,0.9999570846557617,0.6421311456965013,0.4379692936606758,0.015093313530087471,0.9852696061134338,0.8940475898125408,0.14930311260059206,0.0,1.0,0.9451904761904761,0.1684642785635205,4.8443145751953125,34.258212089538574,12.332448034048081,3.6845082612517492,1.0,109.0,69.758,14.726962891241358,97.89999999999999,0.8999999999999999,1.2
ollama_gpt-oss:20b,0.0,0.6434782608695652,0.3884486071133646,0.11471792005722903,0.0,0.396551724137931,0.12086401142094096,0.0682522813927246,0.0,0.5301204819277109,0.2463872129241309,0.08461885769342335,0.7260382175445557,0.9249931573867798,0.8528353301286697,0.029715959213132855,0.7500974535942078,0.9413666725158691,0.8828533529639244,0.030098197417154655,0.7448241710662842,0.9189627170562744,0.8674942083358764,0.02857741754566259,0.3993269205093384,0.7882527709007263,0.6186673807501792,0.05922305594504639,0.2842848300933838,0.8513451814651489,0.6722050590217113,0.08252168886563961,0.33687394857406616,0.7748919129371643,0.6435076736807823,0.06865949297050397,0.0,0.570138209283964,0.2290830410787623,0.09461328596122119,2.052385482246125e-242,0.6479203425580521,0.38318252695438526,0.10747994459616275,-0.037075165659189224,0.9794503450393677,0.8670113969370723,0.17913761243528467,0.00576814403757453,0.993642270565033,0.8108194752228446,0.20473544724377937,-0.941009521484375,0.90045166015625,0.08863493546985445,0.3319449059803561,8.926626833272167e-06,0.999940037727356,0.5712786370468839,0.45212441039340967,0.012555580586194992,0.9859700202941895,0.853764173320193,0.21299055649968698,0.0,1.0,0.9302333333333334,0.22051669374952598,5.9507973194122314,86.30631160736084,21.495114429950714,11.83325625820394,1.0,106.0,60.157,15.837813959003308,95.5,4.3999999999999995,0.1
ollama_granite4:micro,0.0,0.7209302325581395,0.3912465582964726,0.09063454951796798,0.0,0.4675324675324675,0.12660044471509443,0.07267828129174324,0.0,0.5294117647058824,0.25491512984017545,0.07391452821169907,0.7850251197814941,0.9365538954734802,0.8768317895531654,0.019574358334615113,0.7601255178451538,0.9400835633277893,0.8789995757341384,0.021473669980669338,0.7723746299743652,0.9274674654006958,0.8777945954203605,0.017849453603632093,0.4875764548778534,0.8053862452507019,0.6589385384619236,0.04758309385412201,0.348361611366272,0.8220664262771606,0.6596875765919685,0.054390820730564934,0.40637677907943726,0.7980471253395081,0.6584812021255493,0.04568625182509195,0.0,0.5713029325839288,0.2330002022684738,0.09231283588578819,4.568768223681443e-86,0.6727317791873219,0.4319686368177034,0.09224467853229819,0.10529433190822601,0.980898916721344,0.8891944965571165,0.05623578993357718,0.0034663169644773006,0.9976669549942017,0.8616037695952691,0.17372827997852766,-0.96588134765625,0.9751644134521484,0.1471797353108724,0.33361235384790006,9.624551239539869e-06,0.9999394416809082,0.6146834302669476,0.45121582149858,0.05731366202235222,0.9877743721008301,0.9235840579370658,0.12410311614060344,0.0,1.0,0.9624833333333334,0.15387585093184702,0.10131955146789551,2.4292869567871094,0.9979888353347778,0.28974951238840513,1.0,102.0,46.576,13.240778829056847,99.5,0.3,0.2
ollama_granite4:micro-h,0.13513513513513514,0.6554621848739496,0.38558732641606275,0.08001061305548701,0.0,0.4107142857142857,0.12579643676097146,0.0627972542681229,0.08108108108108109,0.5128205128205128,0.24087094489026908,0.06421639179727899,0.7862217426300049,0.9269305467605591,0.8623062980175018,0.018648363688504036,0.8035683631896973,0.9397293329238892,0.8871752964258194,0.019818930888536857,0.8148002624511719,0.9213621020317078,0.874446519613266,0.016392455856560108,0.4727252125740051,0.7794857025146484,0.6249365554749966,0.04371033440117146,0.48240408301353455,0.82314532995224,0.6849185301065445,0.050477607055509216,0.4952676296234131,0.7809988856315613,0.652807211637497,0.04170192069050772,0.043956043956043946,0.6363920237498527,0.28681220665029855,0.09146205052747408,0.15830483313335778,0.6443570860298263,0.35047251571621124,0.08428694435642342,0.5949701070785522,0.9905407428741455,0.9315157650709153,0.037881994866956974,0.0017177792033180594,0.9942746758460999,0.8711541962063638,0.14694315701838148,-0.739288330078125,0.9809074401855469,0.23115603156922357,0.28306195786639626,9.227253940480296e-06,0.999936580657959,0.6911938746782235,0.4201049157786363,0.15378154255449772,0.9861058592796326,0.9239767074903643,0.10591891239007173,0.0,1.0,0.9636369047619048,0.12328476230917745,0.5222928524017334,4.7781476974487305,1.8295521178245544,0.5716176958289497,23.0,195.0,82.928,24.203570315141526,77.8,0.0,22.2
ollama_granite4:tiny-h,0.15384615384615385,0.6885245901639344,0.3933672237613639,0.07757613213040865,0.0,0.4171779141104295,0.13466238320274004,0.06589939099049232,0.09230769230769231,0.4950495049504951,0.24599869546697453,0.06526366359970676,0.8043518662452698,0.9202134609222412,0.8623457868099212,0.01683778381756615,0.8074057102203369,0.9387752413749695,0.8887945116758347,0.01979177865824539,0.8177622556686401,0.9225810170173645,0.875281639099121,0.01609445682402299,0.49414584040641785,0.7918107509613037,0.6232897694408893,0.040907006795332,0.4983782470226288,0.8418117761611938,0.6908303712904453,0.04958601865023877,0.5086153149604797,0.7883580327033997,0.6548302097916603,0.041285106404782786,0.07653061224489795,0.6202182546111777,0.30508098606615475,0.09208208428025369,0.149116668861923,0.6389455352907811,0.34296842393326393,0.07490500745413704,0.7747457027435303,0.991814911365509,0.937878969669342,0.03261494331405273,0.014984510838985443,0.9941835403442383,0.8760992419496179,0.13854359014075454,-0.7233123779296875,0.9656600952148438,0.28228757535843624,0.27458212142010885,8.49972366268048e-06,0.9999560117721558,0.687327567254927,0.4272462339219523,0.22334359008818866,0.9873936474323273,0.9300817526954316,0.08714373777177425,0.2,1.0,0.9602904761904761,0.11530975526755725,0.8685557842254639,2.9217514991760254,1.6239532945156097,0.32161149026321256,46.0,145.0,86.783,16.18974709499812,82.39999999999999,0.0,17.599999999999998
ollama_granite4:small-h,0.0,0.6722689075630253,0.39444171347446627,0.09106984825164213,0.0,0.36257309941520466,0.13306858720162285,0.06917135357300543,0.0,0.5378151260504203,0.2507775501607973,0.07112507301307926,0.7379911541938782,0.9268370270729065,0.8645974533557892,0.01949914397583837,0.7765401601791382,0.9455345869064331,0.8863654038310051,0.022177915282293188,0.7677379250526428,0.9339392781257629,0.8751907640695572,0.01737056928411133,0.44402986764907837,0.8308244943618774,0.6337779507637024,0.04596348995533298,0.39747703075408936,0.843913733959198,0.6828877763748169,0.05859505348164248,0.4252581000328064,0.8373180031776428,0.6563443465828895,0.04557485578704997,0.0,0.6261874146686798,0.2827566579877588,0.10365459003042592,1.231781760603195e-237,0.7319728027655047,0.36605526985078907,0.09338772145612759,0.05491118133068085,0.9865833520889282,0.916629239693284,0.07879567650395962,0.000650641683023423,0.9955505132675171,0.874389561793243,0.15919351325549913,-0.8272781372070312,0.9853878021240234,0.2688066366002673,0.30022274013802935,7.652906788280234e-06,0.9999659061431885,0.6646703955145286,0.4361561245492491,0.02064937725663185,0.9874530633290609,0.9191063318312857,0.13402481953652368,0.0,1.0,0.9556833333333333,0.15010433315975039,1.336000680923462,21.18124532699585,9.851527731180191,2.392569786122082,1.0,134.0,72.999,21.985108573759646,90.5,0.4,9.1
openai_gpt-3.5-turbo,0.0,0.660377358490566,0.3910668957343456,0.09055096153980148,0.0,0.39240506329113917,0.12941306501947786,0.06637520214099853,0.0,0.5471698113207547,0.24869267412275212,0.07002987549660399,0.736282467842102,0.9330333471298218,0.8703798436522484,0.021639140874913688,0.7524168491363525,0.9398173689842224,0.8842709876894951,0.024183228295990625,0.7483313679695129,0.9330472350120544,0.8771788234710693,0.021130284994438628,0.4051010012626648,0.8254345655441284,0.6366906363368035,0.04700752456780086,0.32464897632598877,0.82997727394104,0.6787650926411152,0.06281832499922113,0.3629200756549835,0.8255677223205566,0.656462062895298,0.05184682282796857,0.0,0.5923841726039528,0.27475840083290975,0.09400742031514717,6.798610414096889e-240,0.7253162548320607,0.37238270013535646,0.08595799688512054,0.0021730251610279083,0.987916886806488,0.912518100835383,0.10252336659165268,0.00576814403757453,0.9961925745010376,0.9094589781253599,0.12909701734152898,-0.8921966552734375,0.9942431449890137,0.2832957103320531,0.29646709858238185,9.899900760501623e-06,0.999966025352478,0.6731563372584287,0.42870534689719414,0.012555580586194992,0.9877873063087463,0.9464705730136483,0.11366732731020787,0.0,1.0,0.9780333333333333,0.12532056229259958,0.6629443168640137,11.140108585357666,1.7354376771450042,0.5265399171485692,1.0,102.0,72.019,14.383554463344588,98.5,1.3,0.2
openai_gpt-4.1,0.0,0.6603773584905661,0.39218981490147325,0.11674704107329702,0.0,0.40298507462686567,0.12861889889960706,0.07310725120965259,0.0,0.5283018867924529,0.2527312210037029,0.08950656731201392,0.7260382175445557,0.936587393283844,0.8712500388026237,0.032729589244791066,0.7500974535942078,0.9387346506118774,0.8813735604286194,0.03104704090577183,0.7448241710662842,0.9263399243354797,0.8761922524571418,0.030684799001606276,0.38945460319519043,0.8128348588943481,0.6439957624971867,0.06490370420937316,0.2842848300933838,0.8448594808578491,0.6651645826101303,0.0837317053665933,0.33687394857406616,0.8018854856491089,0.6536958661079407,0.07247778059864016,0.0,0.5425790754257909,0.24675547177553653,0.10061728137397317,2.052385482246125e-242,0.6548693707117842,0.41129457954736504,0.11496178584817957,-0.037075165659189224,0.9800610542297363,0.8647869273498654,0.17948145666170634,0.010841147042810917,0.9937142133712769,0.8590334811164066,0.19527813518609433,-0.9405670166015625,0.9931097030639648,0.007738112608591715,0.3434262465818562,7.005815405136673e-06,0.9999699592590332,0.6372935021164863,0.44242953422248316,0.012555580586194992,0.9858981569608053,0.8927217477786664,0.20366277708701222,0.0,1.0,0.9371666666666666,0.22050264548677562,0.5446610450744629,18.155627489089966,1.746934942960739,0.8553822608600777,1.0,89.0,55.037,14.593204959843467,95.5,4.5,0.0
openai_gpt-4.1-mini,0.0,0.6666666666666666,0.39724429777122383,0.11415919657394874,0.0,0.45454545454545453,0.13254180519330025,0.07205470264168629,0.0,0.5535714285714286,0.2536613063221019,0.08703082025008356,0.7260382175445557,0.9366965889930725,0.8680585643053055,0.031302286236712634,0.7496912479400635,0.9427312612533569,0.8852086666226388,0.030744390819036772,0.744718611240387,0.9274940490722656,0.8764677199721337,0.029876139540429267,0.3993268609046936,0.8206456303596497,0.6390779291391373,0.06211210359016793,0.3110717236995697,0.8403422236442566,0.6761319258213043,0.08295729390211255,0.35775139927864075,0.8146808743476868,0.6563804084658623,0.07066830264454488,0.0,0.5930851063829787,0.26387306478888595,0.10177006431162566,2.0444361166087533e-240,0.661696849014077,0.391735866630897,0.11019831547000915,-0.037075165659189224,0.980563223361969,0.882997307498008,0.17637537812197432,0.00576814403757453,0.9927859902381897,0.8470996866882778,0.19313010502966327,-0.9405670166015625,0.9346179962158203,0.020231317996978762,0.33203103676104706,8.477963092445862e-06,0.9999377727508545,0.6379217756827739,0.4420618350518467,0.012555580586194992,0.9854532480239868,0.8916938106636205,0.19712757399202768,0.0,1.0,0.9423999999999999,0.2111976851724995,0.5956385135650635,11.187721490859985,1.988787769794464,0.8196283222270319,1.0,96.0,62.154,16.162248729678677,95.8,4.2,0.0
openai_gpt-4o,0.0,0.6666666666666666,0.39473431804878895,0.10660265678490147,0.0,0.4854368932038835,0.13130621285696015,0.07407899236947187,0.0,0.5233644859813085,0.2590707221991704,0.08342619169036121,0.7332242727279663,0.9504006505012512,0.8752893480062485,0.02880465802105626,0.7549147605895996,0.9360260367393494,0.8819873096942902,0.02709322744971797,0.7461864948272705,0.933319091796875,0.8785247401595115,0.026383171828663746,0.399326890707016,0.8317984938621521,0.654044591665268,0.0604618293153468,0.3196994960308075,0.8398661017417908,0.6676829254329204,0.07336457749735895,0.3617703914642334,0.8164597749710083,0.6600818127691745,0.06422115052260627,0.0,0.5396230406642736,0.24632796325311396,0.09607541577241704,6.798610414096889e-240,0.6648788063462419,0.42443978641430713,0.10505659914604502,-0.010986767709255219,0.9824483394622803,0.877442440558225,0.1468307987243231,0.022507386282086372,0.9952952265739441,0.8911588489748538,0.16361593770244268,-0.941009521484375,0.9926252365112305,0.18369492349624633,0.33723543207249845,7.519824066548608e-06,0.9999651908874512,0.6838797594469579,0.43168088695821194,0.012555580586194992,0.9881774584452311,0.9271252312062309,0.16356115801218185,0.0,1.0,0.9649333333333334,0.17321404869890508,0.60487961769104,9.110101699829102,2.743495067358017,0.8517986383542431,1.0,91.0,52.225,12.970827845592586,97.2,2.8000000000000003,0.0
openai_gpt-4o-mini,0.0,0.6534653465346534,0.3935952282103797,0.08456919450154822,0.0,0.352,0.12638382135938478,0.06504688090709707,0.0,0.4827586206896552,0.24943999171727346,0.06722724009824356,0.737991213798523,0.9318162202835083,0.8698135492801666,0.01937900257835891,0.75834059715271,0.9329521656036377,0.8858099524974823,0.021643727902782888,0.7483314275741577,0.9224998950958252,0.8776443123817443,0.018425778468805738,0.399437814950943,0.8118453025817871,0.6396001788675785,0.04516838751354102,0.3305949568748474,0.8184541463851929,0.6825026879012585,0.05667547358766424,0.3617703914642334,0.7956352829933167,0.6597999469935893,0.04742896426411152,0.0,0.5434106460499422,0.26807564238987086,0.08750555112048432,2.5308545564866623e-238,0.6764338517906356,0.38034416336495486,0.0785808581836482,-0.00618298165500164,0.9893826246261597,0.9168441257271915,0.07656952978318526,0.005689920857548714,0.9975314736366272,0.8941347401682287,0.12848956730175942,-0.846832275390625,0.9821243286132812,0.22237369035085044,0.2831416921883645,1.1742058632080443e-05,0.9999728202819824,0.6768677386246381,0.43086565597150933,0.020107273012399673,0.988338033358256,0.9394845284681146,0.09992348443459637,0.0,1.0,0.9826,0.09999731107495953,0.5846116542816162,6.239530801773071,2.7338231537342073,0.6453038815110643,1.0,100.0,70.055,11.32360256278893,99.4,0.6,0.0
openai_gpt-5-nano-2025-08-07,0.0,0.6788990825688073,0.41058623013666623,0.09083974460250423,0.0,0.45977011494252873,0.13349957660110762,0.07126867387040864,0.0,0.6168224299065421,0.263808115131826,0.07501291049530623,0.7385162115097046,0.9299992322921753,0.8706525764465332,0.020119287832192224,0.7644238471984863,0.9465386271476746,0.8857788563966751,0.02112249187725926,0.7567955255508423,0.9309407472610474,0.8780452983975411,0.018281768284839392,0.39943769574165344,0.823111891746521,0.6435025112330913,0.04811618997337743,0.330594927072525,0.8207588791847229,0.6785683092772961,0.052174971634949815,0.361770361661911,0.7970722913742065,0.6598673187196255,0.04555449208377453,0.0,0.6600422832980972,0.24543975828440756,0.08926436597837023,3.941264533735941e-240,0.6727494851021948,0.43005548304346153,0.08416920290868872,-0.006183022633194923,0.9801032543182373,0.8870737451668829,0.0748034131953521,0.06731989234685898,0.9957990646362305,0.8519016041457653,0.163377276801853,-0.9437103271484375,0.9887990951538086,0.1186648406982422,0.31168795481383765,8.032398000068497e-06,0.9999817609786987,0.5328941756199356,0.45424862957710416,0.037007953971624374,0.9840157926082611,0.8965225398335606,0.13300400537497764,0.0,1.0,0.9602833333333333,0.1492781808496398,0.7966876029968262,604.9081013202667,3.308756450653076,19.271808167948322,1.0,99.0,53.979,11.84443156086437,99.6,0.4,0.0
openai_gpt-5-mini-2025-08-07,0.0,0.6666666666666666,0.40125250053168693,0.10935514247845018,0.0,0.3888888888888889,0.12836306163505015,0.07183782710410491,0.0,0.5544554455445545,0.26190366035434054,0.08676427057223474,0.7326715588569641,0.9246702790260315,0.8627595036029816,0.028268641086716475,0.7496912479400635,0.939929723739624,0.8849104120731354,0.02724766075707004,0.744718611240387,0.9316146969795227,0.8736004386544227,0.026291472531179767,0.3993269205093384,0.7972832322120667,0.6342663706243038,0.05882940471343773,0.3110717236995697,0.8432323932647705,0.6747573379576206,0.07349004986301869,0.35775139927864075,0.8015415668487549,0.6531473925709724,0.06338599728302775,0.0,0.5244666486632461,0.2365437898253104,0.09580649126127608,2.0444361166087533e-240,0.6757346151687508,0.4183766394706348,0.10411363862926115,-0.0370752178132534,0.9810736179351807,0.8699030372332781,0.14918542590298473,0.020667269825935364,0.9958725571632385,0.8209998866487295,0.21972808666088361,-0.92706298828125,0.9134635925292969,-0.0033761618614196786,0.31503397205260114,9.416378816240467e-06,0.999942421913147,0.5005435435149665,0.4581504872933773,0.012555580586194992,0.9836366772651672,0.8501045101435234,0.205099188802629,0.0,1.0,0.9321666666666667,0.22225804572363378,0.960533857345581,106.64187431335449,3.5811709835529326,4.796019869472209,1.0,84.0,53.335,13.241630375448485,97.1,2.9000000000000004,0.0
openai_gpt-5-2025-08-07,0.0,0.65,0.3809540066139877,0.11633432947916202,0.0,0.3801652892561984,0.11869770311449535,0.06592301602074362,0.0,0.513157894736842,0.23978546995554942,0.08469610313849042,0.7260382771492004,0.915219783782959,0.8551771249175072,0.030956005031167716,0.7496913075447083,0.938892662525177,0.8850212810635567,0.0319360286275361,0.7447189688682556,0.9233676791191101,0.8697700229883194,0.030418817002686643,0.3993268311023712,0.7808865308761597,0.613703922778368,0.059494972188176475,0.2842848002910614,0.8450933694839478,0.6778386309742928,0.08806513971182943,0.3368738889694214,0.7863767743110657,0.6433206363618373,0.07184008884717394,0.0,0.5568947762591275,0.2590750981951593,0.10183049470338813,2.052385482246125e-242,0.6167452826674314,0.3524825822673437,0.10598672425336057,-0.0370752178132534,0.9813503623008728,0.8656374807739631,0.19494025902018783,0.00576814403757453,0.9930461049079895,0.812004147161264,0.19917980736775978,-0.9410171508789062,0.9108848571777344,0.09079300216493152,0.33070409282384367,1.3102118828101084e-05,0.9999159574508667,0.5797606363799669,0.44859626433834465,0.012555580586194992,0.9854092001914978,0.847298391450436,0.21862689309900163,0.0,1.0,0.9229571428571429,0.23173818007464456,0.9064123630523682,39.216042280197144,3.5414282870292664,3.5151628449237826,1.0,96.0,69.602,17.777333770844265,94.8,5.2,0.0
anthropic_claude-3-5-haiku-20241022,0.0,0.6394557823129251,0.384131809168602,0.0900483490593029,0.0,0.3368421052631579,0.11723150526275675,0.06668569862350418,0.0,0.5048543689320388,0.24914979014257246,0.07355085294222741,0.7396009564399719,0.9287806749343872,0.8754602584838868,0.01950198302344457,0.7763164043426514,0.941419243812561,0.8802092591524124,0.022289443842486368,0.761650562286377,0.9319250583648682,0.8777408488392829,0.019070997753196588,0.3993268311023712,0.8034847974777222,0.6539358811676502,0.04898284877461969,0.3495830297470093,0.8158314824104309,0.6658915378153324,0.0569384575198541,0.3781803250312805,0.7994202375411987,0.6593953340947628,0.050221946041648945,0.0,0.5517642786962279,0.23166316162449352,0.08643792990625324,3.746751499013639e-237,0.6372775595695744,0.42324905043461114,0.08031026626014916,0.03402722254395485,0.978583812713623,0.8983284572325647,0.08303598109980662,0.004079984501004219,0.99322909116745,0.8545248727016151,0.163058174075438,-0.926849365234375,0.9416284561157227,0.061412126541137695,0.296673042815951,7.83662198955426e-06,0.9999524354934692,0.5309229824767235,0.4656502376127332,0.015093313530087471,0.988087922334671,0.9289896370360007,0.1045746022679342,0.0,1.0,0.9746666666666667,0.11730728877610291,1.3902256488800049,8.776190757751465,2.4041241829395292,0.35820583497184655,1.0,80.0,53.414,8.059069673355603,99.7,0.3,0.0
anthropic_claude-sonnet-4-20250514,0.13953488372093023,0.6666666666666666,0.39306963987137405,0.08310778978162109,0.0,0.4521739130434782,0.1304255284220525,0.06979076087875923,0.08620689655172413,0.5283018867924528,0.2529447498497195,0.06999156056030936,0.8116860389709473,0.9256188869476318,0.8676331823468209,0.017258300004880902,0.8096614480018616,0.9490789175033569,0.8887679990530014,0.02060426819299714,0.822911262512207,0.9269089698791504,0.8779799072742462,0.016685396763089024,0.4961199462413788,0.7757495045661926,0.6339850412309169,0.043922859278132824,0.49133366346359253,0.864733874797821,0.688744819521904,0.05177289247036974,0.501059889793396,0.7907179594039917,0.6597122747898102,0.0440057441248341,0.0635593220338983,0.6015820702637472,0.28052131511998923,0.09567859028104447,0.12063670900153908,0.6863708925756791,0.36942324945729343,0.07641326324729304,0.7218475341796875,0.9870237112045288,0.9258849688768387,0.03463043766734566,0.008508030325174332,0.9926847815513611,0.8354309912873432,0.16249721362474467,-0.8697713216145834,0.9314155578613281,0.08672006686528524,0.2944436546903194,8.37812967802165e-06,0.9999434947967529,0.5643064436751929,0.4573015588554111,0.1620794516056776,0.9854727983474731,0.91060376419841,0.10820323861093963,0.0,1.0,0.9751666666666667,0.09905091283442741,1.886016845703125,68.5527024269104,3.4596068871021273,2.540691656007658,32.0,113.0,73.079,12.00744598155661,98.9,0.0,1.0999999999999999
anthropic_claude-opus-4-20250514,0.0,0.5734265734265734,0.3701919804151546,0.07727106200136812,0.0,0.3595505617977528,0.12014556475194249,0.05937744888477537,0.0,0.4755244755244755,0.23450387215366708,0.062170720889866596,0.7334675192832947,0.9112339615821838,0.8595184541940689,0.01710176412331079,0.7714912295341492,0.937335729598999,0.8888536303043365,0.020235955140671835,0.7519989609718323,0.9144437909126282,0.8738613263964653,0.016756094645443562,0.40988388657569885,0.7413460612297058,0.6137607065439225,0.04210910938018528,0.31772884726524353,0.8298837542533875,0.6903756738901138,0.05269121844659849,0.3579704463481903,0.7584336400032043,0.6493591420054435,0.04415963063085296,0.0,0.5749277556075411,0.28603193230562046,0.08679931332850103,7.580015016134447e-239,0.5961156071871815,0.3148109124798147,0.06949964804264008,0.001954779028892517,0.9852388501167297,0.9339722261857242,0.0584611648217863,0.006801359821110964,0.9926406145095825,0.8249772586789913,0.157299257631121,-0.935882568359375,0.7899627685546875,0.1461198004200345,0.2620624339158954,1.3547405615099706e-05,0.9999313354492188,0.5638193853648245,0.45291064981463836,0.020816417410969734,0.9863625407218933,0.894537200204478,0.12168113348522851,0.0,1.0,0.9681738095238095,0.11803484225117926,2.4241724014282227,18.90723180770874,9.859348052501678,1.5387406508814576,1.0,121.0,92.224,11.643187879614414,76.5,0.3,23.200000000000003
mistral_mistral-large-2411,0.0963855421686747,0.6915887850467289,0.39995089909521575,0.09139814671675132,0.0,0.4307692307692308,0.13379121310665432,0.0713421530349469,0.06557377049180327,0.5076923076923078,0.2587626788180277,0.07454675038530974,0.8067045211791992,0.9212175607681274,0.8701012076735497,0.01803059777585003,0.7913269400596619,0.9445663690567017,0.8866956616640091,0.02214161814148905,0.8062460422515869,0.9279987812042236,0.8781928939223289,0.017210725903366347,0.47484806180000305,0.7681704759597778,0.6407239379584789,0.04556814467711177,0.42463403940200806,0.8655309081077576,0.6834585355818271,0.05855969977857633,0.479155957698822,0.7924690842628479,0.6605782369971276,0.04704170978020364,0.03416856492027334,0.5934779123920086,0.2738147397657913,0.0987422002998535,0.006796936596986915,0.6622315357910016,0.3848235007035208,0.08947879144738186,0.14009276032447815,0.9859243631362915,0.9074144670665264,0.07262472760484748,0.023951614275574684,0.9941137433052063,0.8832186709586531,0.1391245290190191,-0.927825927734375,0.9794845581054688,0.2752000268640973,0.29476933833246877,7.77784862293629e-06,0.9999758005142212,0.6472678436430388,0.4343737635324349,0.23948454856872559,0.9865232507387797,0.9246723367989639,0.10692086032973462,0.3333333333333333,1.0,0.9729833333333333,0.10538205492397651,0.944251298904419,23.550527334213257,2.8456380386352538,1.4319250858614472,12.0,112.0,68.322,16.015065282414557,98.8,0.3,0.8999999999999999
ollama_gemma3:270M,0.0,0.6779661016949153,0.3544569386130845,0.0924999568841569,0.0,0.43103448275862066,0.12211898622800095,0.0698206862816894,0.0,0.5084745762711864,0.23207680293170965,0.07277086602059776,0.7336596846580505,0.9242217540740967,0.8596051005125046,0.024973045581347768,0.7543982267379761,0.946751594543457,0.8789414780139924,0.024516275799021867,0.7446262836456299,0.9245638251304626,0.8690078969597816,0.02186441976701551,0.40111419558525085,0.7458425164222717,0.6098618048131466,0.04961493823411813,0.3132861852645874,0.8376338481903076,0.6642790957987309,0.06585041570460956,0.3552148938179016,0.7873392105102539,0.6348952603042126,0.05248145930443123,0.0,0.6617489880975078,0.27299784048316594,0.10052061103935696,1.2987864480698964e-245,0.6552701232851041,0.33380915938318206,0.09340436467945329,-0.07070738077163696,0.9944125413894653,0.8881320125581696,0.12491689953603492,0.030962027609348297,0.9948258399963379,0.8401561630964279,0.18459802110137996,-0.94158935546875,0.9593582153320312,0.3055737720294776,0.3214651922599181,1.8206745153293014e-05,0.9999610185623169,0.7601437201601638,0.3953453365132381,0.014727374538779259,0.9874453147252401,0.8954562377816546,0.16461853810378704,0.0,1.0,0.8727360750360751,0.21743511588907677,0.1269237995147705,2.378037452697754,0.6271842555999756,0.19819524092644045,1.0,252.0,87.334,30.78279460997653,72.1,1.7000000000000002,26.200000000000003
ollama_gemma3:1b,0.0,0.619718309859155,0.37038734364767,0.07839573872127682,0.0,0.3333333333333333,0.1069117653839047,0.05987410253006635,0.0,0.4578313253012048,0.2326590869819181,0.059808982837965624,0.74189293384552,0.9219841361045837,0.8700656872987748,0.016895498135182586,0.7597501873970032,0.945854902267456,0.8788769120573997,0.01979749728331916,0.7507153749465942,0.9246861934661865,0.8743635779619217,0.016263656740325406,0.40797460079193115,0.7790369391441345,0.6388403984010219,0.04143565388588809,0.35065048933029175,0.8108087778091431,0.6636430732607842,0.05095154913831253,0.37714675068855286,0.7661619782447815,0.6504965297281742,0.042864550092822015,0.0,0.5342363645710173,0.23373230648081414,0.07820698340935658,2.218344253287051e-238,0.6196335465951097,0.3940538823462505,0.07757063198513382,-0.02036624401807785,0.9804515838623047,0.8949092192137614,0.0836074591677608,0.10797307640314102,0.9926646947860718,0.8455077791884541,0.15235925114422283,-0.93426513671875,0.9302775065104166,0.1396868729909261,0.2894266014085636,9.788634088181425e-06,0.9999593496322632,0.609626409572229,0.45802452607268407,0.0202042143791914,0.9866397976875305,0.9168395061148952,0.12372710986481036,0.0,1.0,0.9210333333333333,0.16427226383862453,0.15661144256591797,1.8274056911468506,0.8498618178367615,0.1560006887131099,1.0,114.0,63.06,11.303999292285894,98.6,0.6,0.8
ollama_granite3.3:2b,0.12403100775193798,0.6,0.3805192425103963,0.07210813562589066,0.0,0.34177215189873417,0.12490474853444178,0.05964036098270703,0.0930232558139535,0.5,0.23716365280530038,0.058712847192236184,0.8003806471824646,0.9144787788391113,0.8576991131901741,0.016423674237672683,0.810108482837677,0.9379175305366516,0.8888669548034668,0.01868081626560994,0.8256824016571045,0.9157192707061768,0.872908774793148,0.0150029306124241,0.48365890979766846,0.7782684564590454,0.6147874066233635,0.03917125216108501,0.5059707164764404,0.8477123379707336,0.6926855883002281,0.04717232993434836,0.5244842767715454,0.784232497215271,0.6508748874664306,0.038743525849225344,0.0596252129471891,0.5640675365703424,0.29190425791997565,0.08702029673550314,0.16332814342310195,0.605887549679323,0.3292255378348684,0.07246741171837598,0.8026854991912842,0.9875224828720093,0.9430719519853592,0.028946273268611142,0.10635650157928467,0.9941976070404053,0.888189640507102,0.126431266023243,-0.6091969807942709,0.92772216796875,0.3163823491656591,0.2566099258087766,7.590042059746338e-06,0.9999516010284424,0.7078087682579504,0.41386615351826445,0.27967700362205505,0.9868255456288656,0.9242302103839279,0.09247349396683982,0.0,1.0,0.9629940476190477,0.10398888076542515,0.9364943504333496,4.993895053863525,2.121846833705902,0.5437901329355705,43.0,169.0,91.169,17.742447379096266,71.8,0.0,28.199999999999996
ollama_granite3.3:8b,0.13114754098360656,0.7027027027027026,0.3938355143492141,0.07860378474964518,0.0,0.3356643356643357,0.12845512844067383,0.06410224487540786,0.09375,0.46357615894039733,0.24993559411020233,0.06412578785892924,0.7990590333938599,0.9239014387130737,0.8658804077506065,0.017265145727575808,0.8106350302696228,0.9331595301628113,0.8880199939608574,0.019148215732023906,0.8280425071716309,0.9192529320716858,0.8767143762111664,0.01575812059936475,0.49948257207870483,0.7863735556602478,0.632797165453434,0.04279397838971827,0.48492661118507385,0.8342238664627075,0.6877646691799164,0.04983974013530582,0.4967331886291504,0.7813806533813477,0.6585545542240143,0.041925834877046056,0.05172413793103449,0.551816552990951,0.2699786898240494,0.09075533769776895,0.17917876823557416,0.6368412595300462,0.3765277143537333,0.07674589336781903,0.7640350461006165,0.9830739498138428,0.9271193402409553,0.03478658845410373,0.003309273160994053,0.9936067461967468,0.8817631689393893,0.1458579887208415,-0.6521621704101562,0.9318408966064453,0.21243577428696647,0.28271211002586044,6.2281237660499755e-06,0.9999399185180664,0.6451590043579836,0.43938517834514834,0.170598566532135,0.9878109097480774,0.926254921624882,0.10525541971065738,0.25,1.0,0.9726888888888888,0.10340483547687701,1.5503203868865967,7.654458522796631,3.80984428524971,0.9374574554624524,32.0,131.0,72.886,15.949138033135208,94.3,0.0,5.7
ollama_llama3.1:8b,0.0923076923076923,0.6463414634146342,0.38144629877335495,0.08061188589464739,0.0,0.35526315789473684,0.119931580009844,0.06554829927663104,0.08695652173913043,0.45833333333333337,0.23975000891831946,0.06434452511877853,0.8085862398147583,0.9250342845916748,0.8675292891860008,0.016013844883081805,0.807400643825531,0.9367949962615967,0.8821914170980454,0.02046990067840587,0.8260325193405151,0.9242883324623108,0.8747078356742859,0.01604160607046531,0.5177974700927734,0.7818132042884827,0.6332219291329384,0.04039396087450249,0.4329395890235901,0.8157843351364136,0.6753780646920204,0.0517180550707687,0.4787236750125885,0.7792404294013977,0.6531096281707287,0.04229706579505984,0.036585365853658534,0.5713713969948885,0.2690244154232619,0.08830049400150501,0.07255435507771102,0.6471456879919406,0.3697279358131842,0.07481462417693553,0.5966503620147705,0.9868321418762207,0.9146423602700233,0.04158733270197484,0.2633051872253418,0.9961177706718445,0.8810953732132911,0.12635886076773073,-0.6893844604492188,0.9468053181966146,0.2828337166173117,0.27323146339476956,1.043905649567023e-05,0.9999359846115112,0.43832710242777556,0.4653236692362263,0.394818772872289,0.9881006479263306,0.9363086015288984,0.08284872863587099,0.5,1.0,0.983897619047619,0.0671098716256745,1.321042776107788,4.461946725845337,2.7326363837718963,0.5333391425842123,14.0,98.0,74.343,10.034707320096585,99.9,0.1,0.0
ollama_mistral-nemo:12b,0.12987012987012986,0.661290322580645,0.4031304394678316,0.08661260345924734,0.0,0.42857142857142855,0.13413728050526458,0.07080955141506069,0.07692307692307693,0.5,0.25959241326808713,0.07155476118369006,0.8012782335281372,0.9215042591094971,0.8661039025187492,0.019658918927845874,0.81003737449646,0.9432095289230347,0.8871368584036827,0.01960090415146276,0.815213143825531,0.92413729429245,0.8763732938170433,0.016758729531110676,0.5117228031158447,0.7951369285583496,0.6390009458065034,0.04757568706533585,0.4810931086540222,0.8606396913528442,0.6846875595450401,0.0524075793981366,0.5238626003265381,0.7906031608581543,0.6602128910422325,0.04420617712974103,0.03154574132492114,0.6257889753839679,0.27124680247779404,0.09918038511330994,0.08564651204766778,0.6424294632579192,0.3946976845033421,0.09216643149788951,0.653194785118103,0.9822131991386414,0.9154851077795029,0.04367961670371051,0.0008789642015472054,0.9976750612258911,0.8569679869549581,0.18244401173190256,-0.6965993245442709,0.9891672134399414,0.23198351961809488,0.2925209558543282,9.313424015999772e-06,0.9999600648880005,0.5804150212550394,0.4502480739718636,0.014988740906119347,0.9872833689053854,0.9074616696185189,0.145149116436536,0.0,1.0,0.954375,0.15899628205820832,0.7227649688720703,7.41530966758728,2.931647973775864,0.9261092503554786,10.0,144.0,66.242,20.056506076582732,94.6,0.1,5.3
ollama_mistral-small3.2:24b,0.16,0.6842105263157895,0.415056025207181,0.08378394712945367,0.0,0.41999999999999993,0.14144661859794905,0.07281959924260174,0.10000000000000002,0.5795454545454546,0.26764819246582,0.07393758047433768,0.812439501285553,0.9378030300140381,0.8722638315558433,0.018321595518491322,0.8113669157028198,0.937125563621521,0.8890698437690735,0.02013662856171419,0.828514575958252,0.9372175335884094,0.8804857668876648,0.016808600246065467,0.49189335107803345,0.8498868346214294,0.6460006247758865,0.045944918293625576,0.4787863492965698,0.8531837463378906,0.6887892584204673,0.05129070682429666,0.5009429454803467,0.841643750667572,0.6661176265478134,0.04444636097646261,0.06157635467980296,0.6202182546111777,0.27766068745946904,0.09265203643243176,0.051952377230853115,0.7294342590891908,0.4099490312310557,0.0788343454732597,0.7356407642364502,0.984438955783844,0.9171883691549301,0.04056393186432745,0.08888561278581619,0.99419766664505,0.884125021725893,0.13983197829087882,-0.9049072265625,0.9420156478881836,0.2088915884131477,0.2856576343463086,1.0534554348851088e-05,0.9999582767486572,0.6525916564338895,0.43466521156867477,0.35599756985902786,0.9871258934338888,0.9358479926108382,0.08571163856753262,0.0,1.0,0.9760666666666666,0.10596108300272847,2.4505279064178467,13.629839181900024,6.441516493320465,1.4900351312455957,26.0,126.0,64.705,12.935840714851123,99.2,0.0,0.8
anthropic_claude-opus-4-1-20250805,0.0,0.5497076023391813,0.3645237160991697,0.07522060800939603,0.0,0.3783783783783784,0.11957524182615223,0.058451509145362644,0.0,0.4699453551912568,0.23062389432516653,0.06078061850252251,0.7334675192832947,0.9067020416259766,0.8572149478197097,0.017179708780442515,0.7566450238227844,0.9408623576164246,0.8892481729984284,0.020406049221478064,0.7477813363075256,0.9124153256416321,0.8728622297644615,0.01697075595583923,0.40988385677337646,0.7410567998886108,0.6088167833387852,0.04145687207567561,0.31772884726524353,0.8425011038780212,0.6915908376276493,0.053476910693055935,0.3579704463481903,0.7700183391571045,0.6471202756762504,0.04432356682668407,0.0,0.5664137271853743,0.29218650844959576,0.08578530285165586,7.580015016134447e-239,0.6369611557173186,0.30037542041138693,0.06685251391517696,0.0019548796117305756,0.9886800646781921,0.9365955193787813,0.06478172486705508,0.044993095099925995,0.9923719763755798,0.8202006703540683,0.16402409880902732,-0.935882568359375,0.8135261535644531,0.12975428588503882,0.2551184213714413,1.3575327102444135e-05,0.9999556541442871,0.5840596636549436,0.451582384440897,0.020816417410969734,0.9865758061408997,0.8904698941618138,0.12793804209376303,0.0,1.0,0.9620166666666666,0.13019980265388698,3.708479404449463,171.738915681839,5.894948878049851,6.228395566521125,1.0,125.0,97.751,11.920444580635406,57.3,0.4,42.3
mistral_mistral-medium-2505,0.0,0.6744186046511629,0.40544353413213535,0.08486354228329644,0.0,0.3870967741935483,0.13755788004309075,0.06968388492783847,0.0,0.5465116279069767,0.25863295997554236,0.07047704965659024,0.7362825274467468,0.9271350502967834,0.8663288117051124,0.019033497244922627,0.7555028796195984,0.9422114491462708,0.8902065128684044,0.020982526863685777,0.7505804896354675,0.925274670124054,0.8780215416550636,0.018094990413369,0.3994377553462982,0.7848712205886841,0.6324093897640705,0.0452509505732451,0.32464903593063354,0.8345896005630493,0.6932283361554146,0.0557261577579862,0.3617703914642334,0.7969017028808594,0.6609354037344456,0.04726117287403028,0.0,0.582948548812665,0.28572859280600954,0.09203109273783845,6.798610414096889e-240,0.6623754250210541,0.3738727461320235,0.07686101073959954,-0.00618298165500164,0.9843786954879761,0.9252284574005752,0.06425317146597234,0.03264772519469261,0.992699146270752,0.8763805836439132,0.1334522685233975,-0.8310546875,0.9383697509765625,0.2201038030942281,0.2796130041615729,1.58465227286797e-05,0.9999593496322632,0.6814662074186981,0.42183662851571085,0.01985885016620159,0.986840569972992,0.9293687225155621,0.09672878491272091,0.0,1.0,0.9822738095238094,0.09186839198319643,0.31118202209472656,16.790870428085327,2.4969190564155577,0.9820339405754112,1.0,100.0,74.468,10.800045185090662,99.6,0.4,0.0
mistral_magistral-medium-2509,0.0,0.676056338028169,0.39375197271093726,0.12289165547636466,0.0,0.4536082474226804,0.13872041114520667,0.0818134913677262,0.0,0.5813953488372092,0.26608732335912894,0.0962711622379484,0.7326714396476746,0.9432878494262695,0.8743575994968414,0.033200788521298596,0.7496913075447083,0.9419409036636353,0.8800848743915558,0.030586256720859375,0.7447190284729004,0.9309070706367493,0.8770870950222015,0.030202086307686678,0.3938908576965332,0.8223323822021484,0.6525442523956299,0.06777556165591446,0.2842848002910614,0.8530682921409607,0.6622069632411003,0.08327555046429008,0.33687394857406616,0.8310440182685852,0.6563218664228916,0.07215675074638378,0.0,0.6267124742465113,0.24841224910206278,0.1117755107217704,0.0,0.6566446253483109,0.41019614889551237,0.12724049992306646,-0.037075117230415344,0.9851927757263184,0.8570175620112568,0.17247855683430233,0.010841147042810917,0.9975833892822266,0.8816247168583795,0.19053933064802284,-0.9405670166015625,0.9883966445922852,0.1964996869462909,0.3798769902941493,1.0758946700661909e-05,0.9999797344207764,0.6160360257659094,0.4502128240194072,0.012555580586194992,0.9872165322303772,0.9075229850159958,0.19960043569790506,0.0,1.0,0.9513045454545455,0.2082650448906973,0.96,0.96,0.9600000000000004,4.440892098500626e-16,1.0,211.0,50.884,20.04700835536315,95.19999999999999,4.2,0.6
mistral_mistral-small-2506,0.13953488372093023,0.6782608695652174,0.41354419348929605,0.08257276354636671,0.0,0.44943820224719105,0.13994498443167278,0.07026002959762877,0.0879120879120879,0.5934065934065935,0.2650893165760639,0.07117060445149243,0.8047900199890137,0.9287921190261841,0.867818891108036,0.018040639041624843,0.8108125329017639,0.9556102752685547,0.8897386745810508,0.01975995943357815,0.8280144333839417,0.9398778080940247,0.8785424110293388,0.016451571057416643,0.519964873790741,0.8105906248092651,0.6389713487625122,0.04475749544766568,0.49768364429473877,0.8449112772941589,0.6911214354634285,0.05138258081787815,0.5182666182518005,0.7997859716415405,0.6634517814517021,0.043872770753229845,0.06814310051107325,0.6017287376404036,0.2783557955392788,0.09248445156456785,0.18558815486899238,0.6483070964413077,0.4010519979669158,0.07663023421332196,0.746627688407898,0.983924388885498,0.9265363100767136,0.03393974208544903,0.01599358767271042,0.9943031668663025,0.8766446461230516,0.14011564230348386,-0.777923583984375,0.9249992370605469,0.21474343648183913,0.28413697655849923,1.0064742127724458e-05,0.9999592304229736,0.6476048432907546,0.43522299426197514,0.47320899926126003,0.9868314564228058,0.9284318116634597,0.09109860268923561,0.0,1.0,0.9770333333333333,0.09350745068353289,0.4407527446746826,7.210002899169922,1.103981437921524,0.51502070792624,32.0,112.0,67.111,11.829398928094362,99.4,0.0,0.6
mistral_mistral-medium-2508,0.0,0.64,0.3746016893546606,0.09754821486973489,0.0,0.34532374100719426,0.11288200249597523,0.06385934825834162,0.0,0.5128205128205129,0.23299453150668217,0.070816474163057,0.0,0.9166260361671448,0.8517431780695915,0.08731027829145033,0.0,0.9352091550827026,0.8768685645461083,0.09077184903386569,0.0,0.9141491055488586,0.8639758365750313,0.08829055445241916,0.0,0.7796940803527832,0.615769822716713,0.07541836458442158,0.0,0.8365054726600647,0.672381660103798,0.08798032978420879,0.0,0.7808428406715393,0.6417442657351494,0.07726334570712537,0.0,0.5543504458905761,0.23971645334939273,0.09512521248168064,0.0,0.6397720882898543,0.34724252963301167,0.09755928445720909,-0.020478947088122368,0.9812119007110596,0.8890622461279855,0.12587803039629653,0.0004360455786809325,0.9943683743476868,0.7656014756275108,0.24332283414261469,0.0,0.0,0.0,0.0,0.0,0.0,0.0,0.0,0.0,0.0,0.0,0.0,0.0,0.0,0.0,0.0,0.077,0.077,0.07699999999999999,1.3877787807814457e-17,0.0,105.0,67.137,18.684331162768444,97.89999999999999,1.7000000000000002,0.4
ollama_deepseek-r1:7b,0.0,0.6514285714285714,0.375692678101279,0.08265322160536813,0.0,0.42857142857142855,0.1144543811426724,0.0608814344219058,0.0,0.4912280701754386,0.23154928694684918,0.06254099917744746,0.7396009564399719,0.9340190887451172,0.8632984291315079,0.019418395217372184,0.7766231298446655,0.9475284814834595,0.8848157609701157,0.02046969125487956,0.761650562286377,0.9327908754348755,0.8738085468411445,0.017241909008654525,0.39547476172447205,0.7667847871780396,0.625018512248993,0.04490088163163697,0.3332037031650543,0.8314741253852844,0.67814290741086,0.05267817722251629,0.37395185232162476,0.7790994644165039,0.6497017678022384,0.0433882972024748,0.0,0.6529072739587037,0.2624867156247851,0.09057274344400165,2.6302915222986512e-238,0.6076476399575316,0.3544722876490682,0.08368945596044004,-0.009017621167004108,0.9847244024276733,0.9138047370798886,0.07164981690267579,0.0,0.9901807308197021,0.8284498374104733,0.16922400664248136,-0.91009521484375,0.9738082885742188,0.21357155427593005,0.27153920370656,9.729349585541058e-06,0.999969482421875,0.6817856810818493,0.42243461706638186,0.012449764646589756,0.9863621989885966,0.8952125419176777,0.13138842531915526,0.0,1.0,0.9289448952562589,0.16785576580414518,4.4381818771362305,939.6581282615662,11.039603079080582,29.448639663685533,1.0,28341.0,105.895,893.5833637523698,87.3,0.3,12.4
